title,score,keywords
إسواتيني ترفض مناورات جنوب إفريقيا,2.5,إسواتيني ترفض مناورات جنوب إفريقيا
من التدبير إلى التغيير.. المغرب يكثف التحركات الدبلوماسية في ملف الصحراء,3.0,التدبير التغيير المغرب يكثف التحركات الدبلوماسية ملف الصحراء
هل تنجح الوساطة الأمريكية بين المغرب والجزائر في طي نزاع الصحراء؟,3.0,تنجح الوساطة الأمريكية المغرب والجزائر طي نزاع الصحراء
ملف الصحراء: من نضج المبادرة المغربية إلى اختبار جدية الأمم المتحدة,7.5,ملف الصحراء نضج المبادرة المغربية اختبار جدية الأمم المتحدة
تهديدات وزير الداخلية الفرنسي تعمق عزلة النظام العسكري الجزائري,3.5,تهديدات وزير الداخلية الفرنسي تعمق عزلة النظام العسكري الجزائري
"تنظيم ""أسبوع المغرب"" في نواكشوط",1.0,تنظيم أسبوع المغرب نواكشوط
المغرب وسلوفينيا يشجعان الشراكات,1.0,المغرب وسلوفينيا يشجعان الشراكات
إنشاء تجمع مدارس عسكرية بالمنزه,2.5,إنشاء تجمع مدارس عسكرية بالمنزه
صابري يحفز إبرام الاتفاقيات الجماعية للارتقاء بأوضاع المقاولات والأجراء,5.5,صابري يحفز إبرام الاتفاقيات الجماعية للارتقاء بأوضاع المقاولات والأجراء
سلوفينيا تساند مقترح الحكم الذاتي,2.5,سلوفينيا تساند مقترح الحكم الذاتي
"المغرب يبدي الاهتمام بالقدرات القتالية لدبابة ""كي 2 بلاك بانثر"" الكورية",4.5,المغرب يبدي الاهتمام بالقدرات القتالية لدبابة بلاك بانثر الكورية
"دي ميستورا يستشعر نهاية ""المينورسو"" .. ضغوط مالية وتغيرات دولية",5.5,دي ميستورا يستشعر نهاية المينورسو ضغوط مالية وتغيرات دولية
القضاة الأفارقة يتناقشون في البيضاء,2.0,القضاة الأفارقة يتناقشون البيضاء
صناعة الدفاع الهندية تهتم بالمغرب,1.5,صناعة الدفاع الهندية تهتم بالمغرب
منظمات تنتظر التحقيق الدولي في إعدام صحراويين بنيران عسكر الجزائر,7.5,منظمات تنتظر التحقيق الدولي إعدام صحراويين بنيران عسكر الجزائر
خدمة منعشين عقاريين تقرب رؤساء جماعات ترابية من عقوبة العزل,5.5,خدمة منعشين عقاريين تقرب رؤساء جماعات ترابية عقوبة العزل
علاقات المغرب وإسبانيا.. دعم للحكم الذاتي وتكريس للتعاون الإستراتيجي,4.5,علاقات المغرب وإسبانيا دعم للحكم الذاتي وتكريس للتعاون الإستراتيجي
علاج رئيس غينيا السابق في المغرب,1.5,علاج رئيس غينيا السابق المغرب
بوريطة: علاقات المغرب وإسبانيا إيجابية.. والحكم الذاتي يحظى بإجماع دولي,5.0,بوريطة علاقات المغرب وإسبانيا إيجابية والحكم الذاتي يحظى بإجماع دولي
إسبانيا تجدد الدعم لمبادرة الحكم الذاتي,3.0,إسبانيا تجدد الدعم لمبادرة الحكم الذاتي
الملك يجدد دعم المغرب لوحدة سوريا,1.0,الملك يجدد دعم المغرب لوحدة سوريا
تحولات إستراتيجية في إفريقيا تدعم سيادة المغرب وترفض الانفصال,3.0,تحولات إستراتيجية إفريقيا تدعم سيادة المغرب وترفض الانفصال
من الجزائر إلى إيران .. البوليساريو تغرق في الدماء مع نظام طهران,3.5,الجزائر إيران البوليساريو تغرق الدماء نظام طهران
المجلس الاقتصادي والاجتماعي يتمسك بالأدوار الدستورية للمجتمع المدني,3.0,المجلس الاقتصادي والاجتماعي يتمسك بالأدوار الدستورية للمجتمع المدني
برلمانيو أمريكا الوسطى يشيدون بنموذج التنمية في الصحراء المغربية,4.0,برلمانيو أمريكا الوسطى يشيدون بنموذج التنمية الصحراء المغربية
لقاء يحلل سرديات قضية الصحراء,2.5,لقاء يحلل سرديات قضية الصحراء
"صواريخ ""ستينغر"" تعزز قدرات القوات المغربية ضد التهديدات الجوية",3.5,صواريخ ستينغر تعزز قدرات القوات المغربية ضد التهديدات الجوية
هنغاريا تدعم الحكم الذاتي بالصحراء,2.5,هنغاريا تدعم الحكم الذاتي بالصحراء
"مؤتمر ""العدالة والتنمية""يرفض دعوة أخنوش ولشكر.. و""حماس"" تحضر",5.5,مؤتمر العدالة والتنمية يرفض دعوة أخنوش ولشكر حماس تحضر
"أوراق مؤتمر ""بيجيدي"" تتمسك بالمرجعية الإسلامية والصحراء وفلسطين",4.0,أوراق مؤتمر بيجيدي تتمسك بالمرجعية الإسلامية والصحراء وفلسطين
مكتب فرنسي للاتصال قريبا بالعيون,2.5,مكتب فرنسي للاتصال قريبا بالعيون
"كرواتيا: مبادرة الحكم الذاتي ""أساس متين""",3.0,كرواتيا مبادرة الحكم الذاتي أساس متين
مغربة إنتاج الخرائط البحرية تعزز الاستقلالية وتقوي سيادة الرباط على السواحل,5.0,مغربة إنتاج الخرائط البحرية تعزز الاستقلالية وتقوي سيادة الرباط السواحل
الجزائر تفرج عن 23 معتقلا مغربيا,2.0,الجزائر تفرج معتقلا مغربيا
مسؤولة تعرف الرباط بالتجربة الفرنسية في تقييم العمل المنزلي للزوجة,4.5,مسؤولة تعرف الرباط بالتجربة الفرنسية تقييم العمل المنزلي للزوجة
"الإدارة الأمريكية توافق على بيع صواريخ ""ستينغر"" إلى الجيش المغربي",3.0,الإدارة الأمريكية توافق بيع صواريخ ستينغر الجيش المغربي
"دي ميستورا يراهن على ""زخم جديد"" لتخطي جمود قضية الصحراء المغربية",4.0,دي ميستورا يراهن زخم جديد لتخطي جمود قضية الصحراء المغربية
طه يشكر الملك على العناية بالقدس,1.5,طه يشكر الملك العناية بالقدس
"""رمال الصحراء"" تدفئ أوصال العلاقات الدبلوماسية بين المغرب وفرنسا",5.0,رمال الصحراء تدفئ أوصال العلاقات الدبلوماسية المغرب وفرنسا
مولدافيا تدعم الحكم الذاتي بالصحراء,2.5,مولدافيا تدعم الحكم الذاتي بالصحراء
ولد الرشيد يستقبل ريني هيرنانديز,2.5,ولد الرشيد يستقبل ريني هيرنانديز
تمرين عسكري يجمع المغرب وباكستان,1.5,تمرين عسكري يجمع المغرب وباكستان
باريس والرباط تتحضّران لاجتماع رفيع,1.0,باريس والرباط لاجتماع رفيع
جلسة مجلس الأمن: خطوات نحو تهدئة إقليمية وإقرار بعجز البوليساريو عسكريا,5.0,جلسة مجلس الأمن خطوات تهدئة إقليمية وإقرار بعجز البوليساريو عسكريا
فرنسا تؤكد مجددًا دعم مغربية الصحراء,4.5,فرنسا تؤكد دعم مغربية الصحراء
"نقابة ""CDT"" تتفادى استبدال الزاير",2.5,نقابة CDT تتفادى استبدال الزاير
تنفيذ أجندة التخريب الإيرانية يسائل تصنيف البوليساريو جماعة إرهابية,5.5,تنفيذ أجندة التخريب الإيرانية يسائل تصنيف البوليساريو جماعة إرهابية
"""الغش والغلاء"" يغضبان المعارضة ..  ومزور يتوعد المتورطين بالمحاسبة",4.0,الغش والغلاء يغضبان المعارضة ومزور يتوعد المتورطين بالمحاسبة
سغروشني توقع اتفاقيات للارتقاء بالأمازيغية وتكنولوجيات السفر والرياضة,4.0,سغروشني توقع اتفاقيات للارتقاء بالأمازيغية وتكنولوجيات السفر والرياضة
المغرب يرحب ببرلمانيين من زامبيا,1.0,المغرب يرحب ببرلمانيين زامبيا
زيدان يكشف تمويل مشاريع بالقرى,2.5,زيدان يكشف تمويل مشاريع بالقرى
العلمي يلتقي بوفد من الرأس الأخضر,2.5,العلمي يلتقي بوفد الرأس الأخضر
روتايو يشيد بتعاون فرنسا والمغرب,3.5,روتايو يشيد بتعاون فرنسا والمغرب
غلاء الأسماك ووضعية البحارة يحاصران الدرويش في مجلس النواب,3.0,غلاء الأسماك ووضعية البحارة يحاصران الدرويش مجلس النواب
الملك يهنئ رئيس الغابون المنتخب,1.5,الملك يهنئ رئيس الغابون المنتخب
بوريطة يقوم بزيارة عمل إلى فرنسا,4.5,بوريطة يقوم بزيارة عمل فرنسا
خطابي يذكر بمجهود الجامعة العربية,2.5,خطابي يذكر بمجهود الجامعة العربية
الموقف الأمريكي من الصحراء المغربية يعرّي تناقضات الخطاب الجزائري,1.5,الموقف الأمريكي الصحراء المغربية تناقضات الخطاب الجزائري
بنسعيد: مشاكل الشباب المغربي موروثة.. ومناظرة معرض الكتاب فرصة,4.5,بنسعيد مشاكل الشباب المغربي موروثة ومناظرة معرض الكتاب فرصة
"""تجاهل المقترحات"" يقلق برلمانيين",2.0,تجاهل المقترحات يقلق برلمانيين
"المغرب يبحث الاستفادة من قطر في تدبير النقل الجوي خلال ""المونديال""",4.5,المغرب يبحث الاستفادة قطر تدبير النقل الجوي خلال المونديال
تصنيف أمريكي: المغرب ضمن أقوى 20 دولة في امتلاك الدبابات القتالية,4.5,تصنيف أمريكي المغرب ضمن أقوى دولة امتلاك الدبابات القتالية
"""النواب"" يدين تقتيل الشعب الفلسطيني واستمرار العدوان الإسرائيلي",6.0,النواب يدين تقتيل الشعب الفلسطيني واستمرار العدوان الإسرائيلي
التعاون المغربي الفرنسي يتطور نحو اتفاقيات شاملة في الأمن والهجرة,3.0,التعاون المغربي الفرنسي يتطور اتفاقيات شاملة الأمن والهجرة
دي ميستورا أمام مجلس الأمن .. ملف الصحراء المغربية يدخل منعطفا حاسما,3.0,دي ميستورا مجلس الأمن ملف الصحراء المغربية يدخل منعطفا حاسما
أثنار يثير جدلا سياسياً بمليلية المحتلة,2.5,أثنار يثير جدلا بمليلية المحتلة
"ضبط ""الاستغلال القانوني"" لسيارات الدولة يتطلب تفعيل آليات رقابية صارمة",6.0,ضبط الاستغلال القانوني لسيارات الدولة يتطلب تفعيل آليات رقابية صارمة
"هل ينخرط ""دي ميستورا"" في الرؤية الأمريكية بدعم الحكم الذاتي في الصحراء؟",5.5,ينخرط دي ميستورا الرؤية الأمريكية بدعم الحكم الذاتي الصحراء
مبادرة الحكم الذاتي بالصحراء .. رؤية المغرب لحل النزاع تحقق دعما متزايدا,5.5,مبادرة الحكم الذاتي بالصحراء رؤية المغرب لحل النزاع تحقق دعما متزايدا
"بنعلي: لجنة التقصي ""ملاغة سياسية""",2.5,بنعلي لجنة التقصي ملاغة سياسية
تقرير: الجزائر تزيد التوترات الإقليمية بإنشاء قاعدة جوية قرب المغرب,5.0,تقرير الجزائر تزيد التوترات الإقليمية بإنشاء قاعدة جوية قرب المغرب
"الجزائر تستعين بـ""ميليشيات رقمية"" دولية لاستهداف مواقع حكومية مغربية",6.0,الجزائر تستعين بـ ميليشيات رقمية دولية لاستهداف مواقع حكومية مغربية
توقيع اتفاقيات بين المغرب وعُمان,0.5,توقيع اتفاقيات المغرب
"مناورات ""الأسد الإفريقي"" تكرّس التعاون الاستراتيجي بين المغرب وأمريكا",4.5,مناورات الأسد الإفريقي التعاون الاستراتيجي المغرب وأمريكا
سلطنة عمان تدعم مغربية الصحراء,2.5,سلطنة عمان تدعم مغربية الصحراء
سكراتي ترأس الجمعية الدولية للقاضيات,4.5,سكراتي ترأس الجمعية الدولية للقاضيات
"حقيقة ""الانتخابات المبكرة"" بالمغرب",1.0,حقيقة الانتخابات المبكرة بالمغرب
الرقابة على دعم استيراد الماشية تفجر الخلافات بين المعارضة والأغلبية,4.0,الرقابة دعم استيراد الماشية تفجر الخلافات المعارضة والأغلبية
"عشرات الجيوش تلبي دعوة المغرب وأمريكا للمشاركة في ""الأسد الإفريقي""",6.5,عشرات الجيوش تلبي دعوة المغرب وأمريكا للمشاركة الأسد الإفريقي
"دراسة تقارب استمرار ""المينورسو"" بالصحراء وتنادي بتطبيق الحكم الذاتي",5.5,دراسة تقارب استمرار المينورسو بالصحراء وتنادي بتطبيق الحكم الذاتي
"هل تستطيع ""القوة الناعمة"" التقليل من تداعيات الحروب والصراعات؟",3.5,تستطيع القوة الناعمة التقليل تداعيات الحروب والصراعات
ندوة ترصد مكانة القانون الدولي,4.5,ندوة ترصد مكانة القانون الدولي
"محللون: التنكيل بنشطاء ""البوليساريو"" يوسع دائرة الراغبين في العودة للمغرب",5.5,محللون التنكيل بنشطاء البوليساريو يوسع دائرة الراغبين العودة للمغرب
"استيراد المواشي ""يصادم"" الأغلبية والمعارضة خلال افتتاح الدورة الربيعية",5.5,استيراد المواشي يصادم الأغلبية والمعارضة خلال افتتاح الدورة الربيعية
مشروع لتصنيف البوليساريو منظمة إرهابية,2.5,مشروع لتصنيف البوليساريو منظمة إرهابية
ولد الرشيد: المراقبة البرلمانية للحكومة تتم وفق التوازن والتعاون بين السلط,6.0,ولد الرشيد المراقبة البرلمانية للحكومة تتم وفق التوازن والتعاون السلط
العلمي يدعو إلى اليقظة والتصدي للأكاذيب المتعلقة بالوحدة الترابية للمملكة,5.5,العلمي يدعو اليقظة والتصدي للأكاذيب المتعلقة بالوحدة الترابية للمملكة
حادثة مقتل شابين صحراويين بتندوف تفجر دعوات للانتفاضة ضد البوليساريو,6.0,حادثة مقتل شابين صحراويين بتندوف تفجر دعوات للانتفاضة ضد البوليساريو
"ربط سدين يختبر صلابة تحالف حزبي ""الاستقلال والتجمع الوطني للأحرار""",6.0,ربط سدين يختبر صلابة تحالف حزبي الاستقلال والتجمع الوطني للأحرار
"أبرز الغائبين عن مؤتمر ""البيجيدي""",2.0,أبرز الغائبين مؤتمر البيجيدي
باحث أمريكي يرصد زيف شرعية البوليساريو في تمثيل ساكنة الصحراء,5.5,باحث أمريكي يرصد زيف شرعية البوليساريو تمثيل ساكنة الصحراء
الخارجية الأمريكية لدي ميستورا: الحكم الذاتي الحل الوحيد لنزاع الصحراء,8.0,الخارجية الأمريكية لدي ميستورا الحكم الذاتي الحل الوحيد لنزاع الصحراء
"""الأحرار"" يُنوّه بالموقف الأمريكي",1.5,الأحرار بالموقف الأمريكي
مخيمات تندوف على صفيح ساخن .. مطالب بالحكم الذاتي والعودة للمغرب,5.5,مخيمات تندوف صفيح ساخن مطالب بالحكم الذاتي والعودة للمغرب
بايتاس: آلية الرقابة شأن برلماني,2.5,بايتاس آلية الرقابة شأن برلماني
تعاون مغربي فرنسي في مجال البحرية,2.5,تعاون مغربي فرنسي مجال البحرية
الإدارة الأمريكية تستقبل دي ميستورا,2.5,الإدارة الأمريكية تستقبل دي ميستورا
"تصنيف ميليشيات ""البوليساريو"" جماعة إرهابية .. خطوة أمريكية تلوح في الأفق",5.5,تصنيف ميليشيات البوليساريو جماعة إرهابية خطوة أمريكية تلوح الأفق
"بايتاس: ""الهجمات السيبرانية"" فعل إجرامي .. وجهات معادية خلف التسريبات",4.0,بايتاس الهجمات السيبرانية فعل إجرامي وجهات معادية التسريبات
سياسي أمريكي يرفض إرهاب تندوف,2.5,سياسي أمريكي يرفض إرهاب تندوف
منشقون عن البوليساريو يدينون إقدام الجيش الجزائري على قتل صحراويين,4.0,منشقون البوليساريو يدينون إقدام الجيش الجزائري قتل صحراويين
المغرب والفلبين يثمنان تعاون البلدين,1.5,المغرب والفلبين يثمنان تعاون البلدين
داتي تتباحث مع بنسعيد في فرنسا,4.0,داتي تتباحث بنسعيد فرنسا
"النظام العسكري المسيطر على الجزائر يغرق في قذارة ""لعبة الرهائن""",4.0,النظام العسكري المسيطر الجزائر يغرق قذارة لعبة الرهائن
"""البام"" يشيد بالمكاسب الدبلوماسية",2.0,البام يشيد بالمكاسب الدبلوماسية
"المكتب السياسي للأحرار يتمسّك بـ""منجزات الحكومة"" ويشيد بـ""مجهودات الوزراء""",5.0,المكتب السياسي للأحرار بـ منجزات الحكومة ويشيد بـ مجهودات الوزراء
حزب سوري يشيد بموقف واشنطن,2.5,حزب سوري يشيد بموقف واشنطن
الخارجية تواكب مخاطر الأمن السيبراني,4.5,الخارجية تواكب مخاطر الأمن السيبراني
تجديد الاعتراف الأمريكي بمغربية الصحراء يقضي على آمال نظام الجزائر,5.5,تجديد الاعتراف الأمريكي بمغربية الصحراء يقضي آمال نظام الجزائر
"""برلمانيو الأحرار"": المسؤولية تقتضي دعم الأغلبية للحكومة في الدورة الربيعية",5.5,برلمانيو الأحرار المسؤولية تقتضي دعم الأغلبية للحكومة الدورة الربيعية
"""الكتاب"" يثمّن الدعم الأمريكي للصحراء",2.0,الكتاب الدعم الأمريكي للصحراء
هجوم جزائري في تندوف يوقع ضحايا,2.5,هجوم جزائري تندوف يوقع ضحايا
الجزائر تعلق باحتشام على تأكيد أمريكا دعم الوحدة الترابية المغربية,5.5,الجزائر تعلق باحتشام تأكيد أمريكا دعم الوحدة الترابية المغربية
مفوضة أوروبية تدعم شراكة المغرب,1.5,مفوضة أوروبية تدعم شراكة المغرب
قادة أحزاب المعارضة يطالبون بإبعاد الفاسدين في الانتخابات المقبلة,4.0,قادة أحزاب المعارضة يطالبون بإبعاد الفاسدين الانتخابات المقبلة
انتخاب المغرب في الاتحاد البرلماني,1.0,انتخاب المغرب الاتحاد البرلماني
"بوعياش: إحياء ذكرى الإبادة ""واجب""",2.5,بوعياش إحياء ذكرى الإبادة واجب
"لشكر يُشهر ملتمس الرقابة.. وأوزين يُحرج نواب الاستقلال أمام ""الفراقشية""",3.5,لشكر ملتمس الرقابة وأوزين نواب الاستقلال الفراقشية
أمريكا تجدد الاعتراف بمغربية الصحراء,4.5,أمريكا تجدد الاعتراف بمغربية الصحراء
مركز تفكير يتوقع استمرار التوازن في موقف نواكشوط من قضية الصحراء,5.5,مركز تفكير يتوقع استمرار التوازن موقف نواكشوط قضية الصحراء
وزير الداخلية يستقبل نظيره الغامبي,0.5,وزير الداخلية يستقبل نظيره الغامبي
بوريطة يجري مباحثات في واشنطن,2.0,بوريطة يجري مباحثات واشنطن
"""البودشيشية"" تفضح مخططا جزائريا",2.0,البودشيشية تفضح مخططا جزائريا
"ميليشيات البوليساريو تهاجم تقرير ""المينورسو"" قبيل جلسة مجلس الأمن",4.5,ميليشيات البوليساريو تهاجم تقرير المينورسو قبيل جلسة مجلس الأمن
"شهيد يدعم تقصي ""استيراد المواشي""",2.5,شهيد يدعم تقصي استيراد المواشي
صابري: الرؤية الملكية تؤازر الأفارقة,1.5,صابري الرؤية الملكية تؤازر الأفارقة
منشقون عن البوليساريو يطالبون دي ميستورا بالمشاركة في العملية السياسية,4.0,منشقون البوليساريو يطالبون دي ميستورا بالمشاركة العملية السياسية
مطالب البوليساريو تعاكس المتغيرات الدولية في قضية الصحراء المغربية,4.0,مطالب البوليساريو تعاكس المتغيرات الدولية قضية الصحراء المغربية
"الزهراوي يرصد ملامح ""فشل"" المبعوث الأممي دي ميستورا في الصحراء",7.5,الزهراوي يرصد ملامح فشل المبعوث الأممي دي ميستورا الصحراء
"ندوة دولية بالرباط تخلّد ""ستينيّة"" العلاقات بين المغرب والسنغال",1.0,ندوة دولية بالرباط العلاقات المغرب والسنغال
"من المجزرة إلى المعجزة.. سفارة رواندا بالمغرب تحيي ذكرى إبادة ""التوتسي""",4.5,المجزرة المعجزة سفارة رواندا بالمغرب تحيي ذكرى إبادة التوتسي
الجزائر في مواجهة عزلة إقليمية متزايدة بسبب التوترات مع دول الجوار,4.5,الجزائر مواجهة عزلة إقليمية متزايدة بسبب التوترات دول الجوار
بنسعيد يؤكد أهمية حماية التراث اللامادي لمواجهة الاستهدافات الأجنبية,4.5,بنسعيد يؤكد أهمية حماية التراث اللامادي لمواجهة الاستهدافات الأجنبية
"المعارضة تطلق مبادرة للتحقيق في دعم المواشي .. و""الاتحاد"" يدرس الانضمام",5.5,المعارضة تطلق مبادرة للتحقيق دعم المواشي الاتحاد يدرس الانضمام
بايتاس يؤطر مستشاري شؤون البرلمان,2.5,بايتاس يؤطر مستشاري شؤون البرلمان
ولد الرشيد يدين كذب خصوم المغرب,2.0,ولد الرشيد يدين كذب خصوم المغرب
"صرامة باريس تنتزع الرضوخ الجزائري ""للتقارب المشروط"" مع فرنسا",6.0,صرامة باريس تنتزع الرضوخ الجزائري للتقارب المشروط فرنسا
"""ريمالد"" تستعرض إصلاحات الملك",1.0,ريمالد تستعرض إصلاحات الملك
"برلمان المغرب يدعم ""إعلان طشقند""",1.5,برلمان المغرب يدعم إعلان طشقند
تحضيرات مؤتمر البوليساريو تشعل صراع السيطرة على مخيمات تندوف,4.0,تحضيرات مؤتمر البوليساريو تشعل صراع السيطرة مخيمات تندوف
الرداد: الدبلوماسية الملكية مع التنمية,1.0,الرداد الدبلوماسية الملكية التنمية
المغرب والبحرين يشيدان بالعلاقات,1.0,المغرب والبحرين يشيدان بالعلاقات
ولد الرشيد يلتقي كوشانوف بطشقند,2.5,ولد الرشيد يلتقي كوشانوف بطشقند
عطاف يستقبل دي ميستورا بالجزائر,2.5,عطاف يستقبل دي ميستورا بالجزائر
أكاديميون مغاربة وأمريكيون يثمنون قرار الكونغرس بشأن العلاقات الثنائية,5.5,أكاديميون مغاربة وأمريكيون يثمنون قرار الكونغرس بشأن العلاقات الثنائية
"الكيان الوهمي يعيد ""تدوير الانفصال""",2.5,الكيان الوهمي يعيد تدوير الانفصال
بريطانيا تدرس الاعتراف بمغربية الصحراء وسط دعم دولي للحكم الذاتي,6.0,بريطانيا تدرس الاعتراف بمغربية الصحراء وسط دعم دولي للحكم الذاتي
تحذير أمريكي من مظاهرات بالرباط,1.0,تحذير أمريكي مظاهرات بالرباط
"سياقات وطنية ودولية تفرض أجندة مؤتمر ""العدالة والتنمية"" المرتقب",5.5,سياقات وطنية ودولية تفرض أجندة مؤتمر العدالة والتنمية المرتقب
"""لن أذهب إلى كانوسا"" .. بنطلحة يفضح تناقضات الخطاب الرسمي الجزائري",4.0,أذهب كانوسا بنطلحة يفضح تناقضات الخطاب الرسمي الجزائري
"هزائم متكررة أمام المغرب تدفع ""البوليساريو"" إلى تغيير ""وزير الخارجية""",4.0,هزائم متكررة المغرب تدفع البوليساريو تغيير وزير الخارجية
يوم خطر الألغام يذكر بماضي الميليشيات الانفصالية في الصحراء المغربية,3.5,يوم خطر الألغام يذكر بماضي الميليشيات الانفصالية الصحراء المغربية
"""تلاعب في الأسمدة"" يزعج البواري",2.0,تلاعب الأسمدة يزعج البواري
"مدريد تُغضب الانفصاليين بعد إغلاق أبواب ""تقرير المصير"" في الصحراء",3.5,مدريد الانفصاليين إغلاق أبواب تقرير المصير الصحراء
"الترقب يرافق مستشاري ""البام"" بأصيلة",2.5,الترقب يرافق مستشاري البام بأصيلة
منتدى غرناطة يدعم التعاون الإقليمي,2.5,منتدى غرناطة يدعم التعاون الإقليمي
الجزائر تواصل حصد الخيبة في استغلال البوليساريو على الساحة الدولية,6.0,الجزائر تواصل حصد الخيبة استغلال البوليساريو الساحة الدولية
السكوري يروّج لجهود المغرب بجنيف,1.0,السكوري لجهود المغرب بجنيف
تبادل الخبرات بين الموثقين المغاربة والدوليين في لقاء مع وزير العدل,5.0,تبادل الخبرات الموثقين المغاربة والدوليين لقاء وزير العدل
فرنسا تجدد الدعم الثابت لمغربية الصحراء في مواجهة التضليل الجزائري,6.5,فرنسا تجدد الدعم الثابت لمغربية الصحراء مواجهة التضليل الجزائري
"بعثة ""المينورسو"" مستمرة بالصحراء .. ومصدر أممي ينفي تسريح الموظفين",5.5,بعثة المينورسو مستمرة بالصحراء ومصدر أممي ينفي تسريح الموظفين
وفاة قيدوم البرلمانيين الحاج إبراهيم,2.5,وفاة قيدوم البرلمانيين الحاج إبراهيم
مدونة الأسرة والمسطرة الجنائية .. قوانين مصيرية بالدورة البرلمانية الربيعية,5.5,مدونة الأسرة والمسطرة الجنائية قوانين مصيرية بالدورة البرلمانية الربيعية
الحركيون يطالبون بردود التهراوي,2.0,الحركيون يطالبون بردود التهراوي
بارو: الحكم الذاتي واقعي بالصحراء,2.5,بارو الحكم الذاتي واقعي بالصحراء
أخنوش يتابع تنزيل العقوبات البديلة,2.5,أخنوش يتابع تنزيل العقوبات البديلة
المغرب يدعم أمن الساحل الإفريقي بتدريب مظليي الجيش المالي,4.5,المغرب يدعم أمن الساحل الإفريقي بتدريب مظليي الجيش المالي
تعزيز الضمان الاجتماعي للأجراء,2.0,تعزيز الضمان الاجتماعي للأجراء
بايتاس: اتفاق التبادل الحر أساس الشراكة الاستراتيجية بين المغرب وأمريكا,6.5,بايتاس اتفاق التبادل الحر أساس الشراكة الاستراتيجية المغرب وأمريكا
إسبانيا تجدد تأييد مغربية الصحراء,2.5,إسبانيا تجدد تأييد مغربية الصحراء
رئيس موريتانيا يستقبل دي ميستورا,2.5,رئيس موريتانيا يستقبل دي ميستورا
هونغبو يثمن اعتماد قانون الإضراب,2.5,هونغبو يثمن اعتماد قانون الإضراب
المخابرات الجزائرية.. عرابة الإرهاب وصانعة الموت في قلب الساحل الإفريقي,5.5,المخابرات الجزائرية عرابة الإرهاب وصانعة الموت قلب الساحل الإفريقي
ولد الرشيد يلتزم بالحوار جنوب ــ جنوب,3.5,ولد الرشيد يلتزم بالحوار جنوب ــ جنوب
دي ميستورا يحل بمخيمات تندوف,2.5,دي ميستورا يحل بمخيمات تندوف
‬تنصيب بلكوش مندوبا وزاريا لحقوق الإنسان.. وهبي يطالب بدعم المؤسسة,5.5,بلكوش مندوبا وزاريا لحقوق الإنسان وهبي يطالب بدعم المؤسسة
اشرنان يبحث استعادة سبتة ومليلية,2.5,اشرنان يبحث استعادة سبتة ومليلية
أبواق الجزائر والبوليساريو تنسب حطام طائرة مالية إلى القوات المغربية,3.5,أبواق الجزائر والبوليساريو تنسب حطام طائرة مالية القوات المغربية
موعد جلسة مغلقة لمناقشة نزاع الصحراء في مجلس الأمن الدولي,6.5,موعد جلسة مغلقة لمناقشة نزاع الصحراء مجلس الأمن الدولي
فرنسا تترأس مجلس الأمن الدولي .. ارتياح مغربي وإحباط للتخبط الجزائري,9.0,فرنسا تترأس مجلس الأمن الدولي ارتياح مغربي وإحباط للتخبط الجزائري
عدد شكايات المغاربة ضد الجماعات الترابية يسجل الارتفاع في السنة الجارية,6.0,عدد شكايات المغاربة ضد الجماعات الترابية يسجل الارتفاع السنة الجارية
"""لعبة الأرقام"" ترفع إيقاع السباق الانتخابي بين الاستقلاليين وحزب الأحرار",5.5,لعبة الأرقام ترفع إيقاع السباق الانتخابي الاستقلاليين وحزب الأحرار
المغرب يجدد الدعم لاستقرار إفريقيا,1.5,المغرب يجدد الدعم لاستقرار إفريقيا
"""البوليساريو"" توظف رسائل العيد لبث التفرقة بين دول المنطقة المغاربية",5.5,البوليساريو توظف رسائل العيد لبث التفرقة دول المنطقة المغاربية
"هل تضعف ""الأنانية السياسية"" التنسيق بين أحزاب المعارضة البرلمانية؟",3.5,تضعف الأنانية السياسية التنسيق أحزاب المعارضة البرلمانية
خادم الحرمين يهنئ الملك بالعيد,1.5,خادم الحرمين يهنئ الملك بالعيد
"""بيت مال القدس"" يوزع كسوة العيد",3.0,بيت مال القدس يوزع كسوة العيد
سلطان عمان يبعث تهنئة إلى الملك,1.5,سلطان عمان يبعث تهنئة الملك
ملك البحرين يتمنى الخير للمغاربة,2.5,ملك البحرين يتمنى الخير للمغاربة
الملك يتوصل بتهنئة عاهل الأردن,1.5,الملك يتوصل بتهنئة عاهل الأردن
رئيس الإمارات يبارك العيد للملك,2.5,رئيس الإمارات يبارك العيد للملك
مسارات التعاون والتنمية تخدم الشراكة الاستراتيجية بين المغرب وإسبانيا,3.0,مسارات التعاون والتنمية تخدم الشراكة الاستراتيجية المغرب وإسبانيا
الملك يؤدي صلاة عيد الفطر بالرباط,1.0,الملك يؤدي صلاة عيد الفطر بالرباط
الملك محمد السادس يصدر عفو العيد,2.0,الملك محمد السادس يصدر عفو العيد
"""التطبيع"" يعمق خلاف جماعة العدل والإحسان و""البيجيدي"" حول نصرة غزة",6.0,التطبيع يعمق خلاف جماعة العدل والإحسان البيجيدي حول نصرة غزة
هل يغطي النظام الجزائري على سجن صنصال بطرد نائب القنصل المغربي؟,4.5,يغطي النظام الجزائري سجن صنصال بطرد نائب القنصل المغربي
"السغروشني تكشف دعم ""البنود"" لإنشاء مركز ثانٍ للذكاء الاصطناعي بالمغرب",4.5,السغروشني تكشف دعم البنود لإنشاء مركز للذكاء الاصطناعي بالمغرب
"تصنيف المغرب ""دولة آمنة"" يتصدر المفاوضات الحزبية حول الهجرة بألمانيا",5.0,تصنيف المغرب دولة آمنة يتصدر المفاوضات الحزبية حول الهجرة بألمانيا
باكستان تبعث بسفير جديد للمغرب,2.5,باكستان تبعث بسفير جديد للمغرب
"الإقصاء من اجتماع وزراء الخارجية ببروكسيل ينتظر جبهة ""البوليساريو""",6.0,الإقصاء اجتماع وزراء الخارجية ببروكسيل ينتظر جبهة البوليساريو
"المغرب يحصل على ""درون أكنجي""",1.0,المغرب يحصل درون أكنجي
"أنظمة الدفاع الجوي المغربية تستعين بأحدث صواريخ ""باتريوت"" الأمريكية",3.5,أنظمة الدفاع الجوي المغربية تستعين بأحدث صواريخ باتريوت الأمريكية
خلفيات تعيين الملك رئيسين جديدين لمجلسي التربية وحقوق الإنسان,3.5,خلفيات تعيين الملك رئيسين جديدين لمجلسي التربية وحقوق الإنسان
"العلمي: ""ديون الضمان"" ملف مصطنع .. ولا علاقة لحزب الأحرار بـ""جود""",6.0,العلمي ديون الضمان ملف مصطنع علاقة لحزب الأحرار بـ جود
"خلافات تعمق مشاكل ""البام"" بأصيلة",2.5,خلافات تعمق مشاكل البام بأصيلة
"""الترحال السياسي"" يغري الزموري",2.0,الترحال السياسي يغري الزموري
"""البيجيدي"" يطالب بتأسيس ""المجلس الأعلى للرياضة"" والفصل عن الوزارات",3.0,البيجيدي يطالب بتأسيس المجلس الأعلى للرياضة والفصل الوزارات
الساسي يُقيم مشروع المسطرة الجنائية,2.0,الساسي مشروع المسطرة الجنائية
"الطالبي العلمي: معطيات الوزير بركة عن استيراد الأغنام ""غير صحيحة""",3.0,الطالبي العلمي معطيات الوزير بركة استيراد الأغنام صحيحة
الجامعي يأمل عدم سحب مشروع المسطرة الجنائية لمواجهة تطور الجريمة,5.0,الجامعي يأمل عدم سحب مشروع المسطرة الجنائية لمواجهة تطور الجريمة
أخنوش يجري اتصالات مع النقابات,2.0,أخنوش يجري اتصالات النقابات
استفزازات دبلوماسية خطيرة .. الجزائر تجر المغرب إلى المواجهة العسكرية,2.0,استفزازات دبلوماسية خطيرة الجزائر تجر المغرب المواجهة العسكرية
الحكومة تصغي لمعالم إصلاح التعليم .. وتوسع اختصاصات قطاع الاتصال,4.5,الحكومة تصغي لمعالم إصلاح التعليم وتوسع اختصاصات قطاع الاتصال
رابطة تدين طرد مدير قنصلية المغرب,2.0,رابطة تدين طرد مدير قنصلية المغرب
بورقية وبوعياش وبلكوش .. الديوان الملكي يعلن عن تعيينات جديدة,3.0,بورقية وبوعياش وبلكوش الديوان الملكي يعلن تعيينات جديدة
"الفرق النيابية تراهن على ""النصوص التأسيسية"" في الدورة البرلمانية الربيعية",4.0,الفرق النيابية تراهن النصوص التأسيسية الدورة البرلمانية الربيعية
التهراوي: المجموعات الصحية تقوي الحكامة .. والراتب المتغير يحسن الأجر‎,4.0,التهراوي المجموعات الصحية تقوي الحكامة والراتب المتغير يحسن
الملك يرعى مبادرة بمسجد إثيوبي,1.5,الملك يرعى مبادرة بمسجد إثيوبي
"الملك محمد السادس يؤكد تبني استراتيجية تفعيل ""مؤسسات العقد الاجتماعي""",5.0,الملك محمد السادس يؤكد تبني استراتيجية تفعيل مؤسسات العقد الاجتماعي
العلوي: المغرب مع التعلم مدى الحياة,1.5,العلوي المغرب التعلم مدى الحياة
الملك محمد السادس يترأس إحياء ليلة القدر ويحتفي بحفظة القرآن الكريم,5.5,الملك محمد السادس يترأس إحياء ليلة القدر ويحتفي بحفظة القرآن الكريم
تاريخ المغرب يفضح انتهاكات نظام الجزائر في قضية الكاتب صنصال,4.5,تاريخ المغرب يفضح انتهاكات نظام الجزائر قضية الكاتب صنصال
مدير إيسيسكو يستقبل السفير خطابي,2.5,مدير إيسيسكو يستقبل السفير خطابي
"""التكتل الشعبي"" يناقش قضايا الوطن",2.5,التكتل الشعبي يناقش قضايا الوطن
الجزائر تطرد مدير قنصلية المغرب,1.5,الجزائر تطرد مدير قنصلية المغرب
"""كيب الغربية"" تسعى إلى دعم دونالد ترامب للانفصال عن جنوب إفريقيا",5.5,كيب الغربية تسعى دعم دونالد ترامب للانفصال جنوب إفريقيا
غيلان يخلف بن عيسى بجماعة أصيلة,3.0,غيلان يخلف بن عيسى بجماعة أصيلة
جمعيات وأحزاب تترقب تمويلات رسمية لمشاريع تشجيع تمثيلية المغربيات,4.5,جمعيات وأحزاب تترقب تمويلات رسمية لمشاريع تشجيع تمثيلية المغربيات
29 بالمائة من المغاربة يعتقدون بسعي المساعدات الأمريكية إلى النفوذ,3.5,بالمائة المغاربة يعتقدون بسعي المساعدات الأمريكية النفوذ
ذكرى رحيل آيت إيدر.. انتقادات لازدواجية الخطاب الحقوقي بشأن الصحراء,6.0,ذكرى رحيل آيت إيدر انتقادات لازدواجية الخطاب الحقوقي بشأن الصحراء
المغرب يوسع نطاق مواجهة معاقل الإرهابيين في الساحل الإفريقي,2.0,المغرب يوسع نطاق مواجهة معاقل الإرهابيين الساحل الإفريقي
"نصف قرن عن ""المسيرة الخضراء"".. معنينو يقترح مبادرات لائقة بالحدث",5.5,نصف قرن المسيرة الخضراء معنينو يقترح مبادرات لائقة بالحدث
الكونغرس يحتفي بصداقة المغرب,1.0,الكونغرس يحتفي بصداقة المغرب
"دول إفريقية تشيد بـ""المبادرة المغربية""",1.0,دول إفريقية تشيد بـ المبادرة المغربية
ميداوي يكشف تدابير بكليات الطب,2.5,ميداوي يكشف تدابير بكليات الطب
موريتانيا تشيد بالعلاقات مع المغرب,1.0,موريتانيا تشيد بالعلاقات المغرب
ألباريس: المغرب يحترم قانون البحار,1.5,ألباريس المغرب يحترم قانون البحار
الملك محمد السادس يهنئ بنغلاديش,1.5,الملك محمد السادس يهنئ بنغلاديش
"الدعم الدولي للصحراء المغربية يضع دي ميستورا أمام ""المسؤولية الأممية""",7.5,الدعم الدولي للصحراء المغربية يضع دي ميستورا المسؤولية الأممية
المغرب يدعم إعادة إدماج النيجر وبوركينافاسو ومالي في الاتحاد الإفريقي,4.5,المغرب يدعم إعادة إدماج النيجر وبوركينافاسو ومالي الاتحاد الإفريقي
بنعلي تُبرز تجربة المغرب ببريطانيا,1.0,بنعلي تجربة المغرب ببريطانيا
المغرب وإسبانيا يحققان تعاونا تاريخيا,1.5,المغرب وإسبانيا يحققان تعاونا تاريخيا
شغور منصب السفير المغربي يعكس استمرار الأزمة بين الرباط وتونس,3.5,شغور منصب السفير المغربي يعكس استمرار الأزمة الرباط وتونس
"سفارة أمريكا بالرباط تنبه ""الحراكَة""",3.0,سفارة أمريكا بالرباط تنبه
المغرب يدين استغلال الجزائر السياسي لملف حقوق الإنسان بمجلس الأمن,4.0,المغرب يدين استغلال الجزائر السياسي لملف حقوق الإنسان بمجلس الأمن
القوات المسلحة المغربية تساهم في دليل جديد لعمليات حفظ السلام الأممية,6.0,القوات المسلحة المغربية تساهم دليل جديد لعمليات حفظ السلام الأممية
الملك محمد السادس يهنئ اليونانيين,1.5,الملك محمد السادس يهنئ اليونانيين
المعارضة تشكو دعاية حكومية .. ومصدر: حق مخاطبة الرأي العام,5.5,المعارضة تشكو دعاية حكومية ومصدر حق مخاطبة الرأي العام
باحثون: تعيينات الملك ترسخ الكفاءة وحكامة المؤسسات الدستورية,3.0,باحثون تعيينات الملك ترسخ الكفاءة وحكامة المؤسسات الدستورية
المغرب يحتل المركز 102 عالميا في مشاركة النساء بالعمل التشريعي,3.0,المغرب يحتل المركز عالميا مشاركة النساء بالعمل التشريعي
المغرب وأمريكا .. من السلطان محمد الثالث إلى الملك محمد السادس,4.0,المغرب وأمريكا السلطان محمد الثالث الملك محمد السادس
"وهبي: هوية المهاجرين الأفارقة تطرح إشكالات.. وتصوير الاستجواب ""صعب""",5.5,وهبي هوية المهاجرين الأفارقة تطرح إشكالات وتصوير الاستجواب صعب
الرئيس الجزائري يتودد لفرنسا .. من حرب البلاغات إلى السعي نحو التهدئة,6.0,الرئيس الجزائري يتودد لفرنسا حرب البلاغات السعي التهدئة
بوريطة يتباحث بالرباط مع دي ميستورا,1.5,بوريطة يتباحث بالرباط دي ميستورا
اليوم الدولي للحقيقة يسلط الضوء على انتهاكات البوليساريو والدسائس الجزائرية,7.5,اليوم الدولي للحقيقة يسلط الضوء انتهاكات البوليساريو والدسائس الجزائرية
البيرو تؤكد مناصرة مغربية الصحراء,2.5,البيرو تؤكد مناصرة مغربية الصحراء
الملك محمد السادس يعين مسؤولين على رأس 3 مؤسسات دستورية,3.0,الملك محمد السادس يعين مسؤولين رأس مؤسسات دستورية
"المغرب وغانا يريدان ""إسقاط الفيزا""",1.5,المغرب وغانا يريدان إسقاط الفيزا
الخياري يضيء عتمات المادة الثالثة من مشروع قانون المسطرة الجنائية‎,4.0,الخياري يضيء عتمات المادة الثالثة مشروع قانون المسطرة
"أوزين يعتزم اللجوء إلى ""الهاكا""",2.0,أوزين يعتزم اللجوء الهاكا
النقابات تستعد لمواجهة القانون التنظيمي للإضراب بخطوات تصعيدية,3.0,النقابات تستعد لمواجهة القانون التنظيمي للإضراب بخطوات تصعيدية
الملك يهنئ باكستان بالعيد الوطني,1.5,الملك يهنئ باكستان بالعيد الوطني
"جنوب إفريقيا تختلق نقاشات بديلة بدعم البوليساريو لإخفاء ""الأبارتايد الجديد""",6.0,جنوب إفريقيا تختلق نقاشات بديلة بدعم البوليساريو لإخفاء الأبارتايد الجديد
قرار المحكمة الدستورية بشأن قانون الإضراب .. من الخلاف إلى التوافق,4.0,قرار المحكمة الدستورية بشأن قانون الإضراب الخلاف التوافق
"من ""الأبارتهايد"" إلى الإبادة.. ""أمنستي المغرب"" تناقش حقوق الإنسان بفلسطين",3.0,الأبارتهايد الإبادة أمنستي المغرب تناقش حقوق الإنسان بفلسطين
"هل يتجه ترامب إلى وقف تمويل بعثة ""المينورسو"" للصحراء المغربية؟",2.0,يتجه ترامب وقف تمويل بعثة المينورسو للصحراء المغربية
"مركز حقوقي يدين ""جرائم إسرائيل""",4.5,مركز حقوقي يدين جرائم إسرائيل
إحداث بنيات وتعيينات أمنية جديدة,2.5,إحداث بنيات وتعيينات أمنية جديدة
الداخلية تتصدى لاستغلال الحافلات المدرسية في رحلات ترفيهية لأغراض انتخابية,4.5,الداخلية تتصدى لاستغلال الحافلات المدرسية رحلات ترفيهية لأغراض انتخابية
مقترح قانون لمنع تضارب المصالح,2.5,مقترح قانون لمنع تضارب المصالح
تقرير يبرز تعويل أوروبا على المغرب في مكافحة تدفقات المهاجرين السريين,4.5,تقرير يبرز تعويل أوروبا المغرب مكافحة تدفقات المهاجرين السريين
باحثون: المبادرة الأطلسية تعد باستغلال إمكانات الاقتصاد الأزرق بإفريقيا,5.5,باحثون المبادرة الأطلسية تعد باستغلال إمكانات الاقتصاد الأزرق بإفريقيا
المغرب يعزز النفوذ العسكري في إفريقيا عبر اتفاقيات شراكة جديدة,4.5,المغرب يعزز النفوذ العسكري إفريقيا عبر اتفاقيات شراكة جديدة
سفير مصر: القاهرة تدعم الوحدة الترابية للمغرب .. وفرص كبيرة بين البلدين,6.0,سفير مصر القاهرة تدعم الوحدة الترابية للمغرب وفرص كبيرة البلدين
الجامعي يدعو البرلمان إلى حماية الحقوق في مشروع المسطرة الجنائية,4.0,الجامعي يدعو البرلمان حماية الحقوق مشروع المسطرة الجنائية
"مصالح الداخلية تضرب طوقا من المراقبة على تحركات ""المنتخبين الرحل""",3.0,مصالح الداخلية تضرب طوقا المراقبة تحركات المنتخبين الرحل
الفريق الحركي يطلب تقييم التشغيل,2.5,الفريق الحركي يطلب تقييم التشغيل
"نقابة: الحوار الاجتماعي ""غير ذي جدوى"".. و""لا تنازل عن حق الإضراب""",3.5,نقابة الحوار الاجتماعي جدوى تنازل حق الإضراب
خبير يقارب تأثير المادة الثالثة من مشروع المسطرة الجنائية على الحريات,5.5,خبير يقارب تأثير المادة الثالثة مشروع المسطرة الجنائية الحريات
"الحكومة تستعد لمؤازرة ""الكسابة"" بعد منع ذبح إناث الأغنام والماعز",4.5,الحكومة تستعد لمؤازرة الكسابة منع ذبح إناث الأغنام والماعز
"وفد فرنسي رفيع المستوى يعقد مباحثات مع مسؤولي ""المينورسو"" بالعيون",5.5,وفد فرنسي رفيع المستوى يعقد مباحثات مسؤولي المينورسو بالعيون
تنسيق مغربي إسباني يوقف داعشيا,2.5,تنسيق مغربي إسباني يوقف داعشيا
هذه تفاصيل أشغال مجلس الحكومة,0.0,تفاصيل أشغال مجلس الحكومة
المغرب يدعو إلى ذكاء اصطناعي أخلاقي,1.5,المغرب يدعو ذكاء اصطناعي أخلاقي
الحكومة ترفض منطق الانتقائية في الشراكة بين المغرب والاتحاد الأوروبي,4.0,الحكومة ترفض منطق الانتقائية الشراكة المغرب والاتحاد الأوروبي
تفاصيل لقاء “ساخن” لقادة الأغلبية بعد خطاب بركة المعارض للحكومة,5.5,تفاصيل لقاء ساخن لقادة الأغلبية خطاب بركة المعارض للحكومة
المغرب يدين بشدة الهجوم الإسرائيلي على غزة ويطالب بوقف إطلاق النار,7.0,المغرب يدين بشدة الهجوم الإسرائيلي غزة ويطالب بوقف إطلاق النار
الاتحاد الإفريقي يكرس حصرية مجلس الأمن في ملف الصحراء المغربية,2.5,الاتحاد الإفريقي يكرس حصرية مجلس الأمن ملف الصحراء المغربية
مثقفون: سياسات عمومية تنهي توارث الفقر.. والإيديولوجيا تدور حول الشمس,6.0,مثقفون سياسات عمومية تنهي توارث الفقر والإيديولوجيا تدور حول الشمس
"هل يعتزم ""الاتحاد الاشتراكي"" العودة إلى الواجهة من بوابة ""انتقاد الغلاء""؟",3.0,يعتزم الاتحاد الاشتراكي العودة الواجهة بوابة انتقاد الغلاء
"أكاديميون مغاربة يدافعون عن إيجابيات قانون ""الدفع بـعدم الدستورية""",4.0,أكاديميون مغاربة يدافعون إيجابيات قانون الدفع بـعدم الدستورية
"من دي ميستورا إلى نكاز.. مقترح ""تقسيم الصحراء"" يفضح الدور الجزائري",5.5,دي ميستورا نكاز مقترح تقسيم الصحراء يفضح الدور الجزائري
"وهبي: تجار مخدرات يطلبون ""الإفراج المقيد"".. وتسليم الأجانب قرار سياسي",6.0,وهبي تجار مخدرات يطلبون الإفراج المقيد وتسليم الأجانب قرار سياسي
أخنوش يترأس اجتماعا بشأن الحوز,2.5,أخنوش يترأس اجتماعا بشأن الحوز
"حزب ""الكتاب"" يرفض ""القفة الانتخابية""",2.5,حزب الكتاب يرفض القفة الانتخابية
"الصراع يشتعل حول خليفة بن عيسى في أصيلة و""الحصان"" ينتظر هدية",6.0,الصراع يشتعل حول خليفة بن عيسى أصيلة الحصان ينتظر هدية
"وهبي يتمسك بمصطلح ""الأحداث"" عوض ""الأطفال"" في التشريع الجنائي",3.5,وهبي يتمسك بمصطلح الأحداث الأطفال التشريع الجنائي
المغرب يدعم الدول في مرحلة الانتقال,1.5,المغرب يدعم الدول مرحلة الانتقال
"تطورات خلافات ""الدستوري"" بالشمال",2.0,تطورات خلافات الدستوري بالشمال
"هل يقف ""السباق الانتخابي"" وراء عدم تفعيل مجموعة ""المغرب الأخضر""؟",4.5,يقف السباق الانتخابي وراء عدم تفعيل مجموعة المغرب الأخضر
"""فريق الكتاب"" يستعجل حضور لفتيت",2.5,فريق الكتاب يستعجل حضور لفتيت
البوليساريو تجرب الخطاب الحقوقي لاختراق المواقف الدولية حول الصحراء,7.5,البوليساريو تجرب الخطاب الحقوقي لاختراق المواقف الدولية حول الصحراء
الاتحاد الأفريقي يؤكد رؤية المغرب,1.5,الاتحاد الأفريقي يؤكد رؤية المغرب
لوديي يستقبل وزيرا من الكاميرون,1.0,لوديي يستقبل وزيرا الكاميرون
"""العدالة والتنمية"" يستنكر حرب الإبادة",2.5,العدالة والتنمية يستنكر حرب الإبادة
"هيئات مغربية تدعو إلى ملاحقة الجزائري ""رشيد نكاز"" بعد توقيفه بمراكش",5.5,هيئات مغربية تدعو ملاحقة الجزائري رشيد نكاز توقيفه بمراكش
مجلس الحكومة يتدارس مدونة السير,0.5,مجلس الحكومة يتدارس مدونة السير
القرار الأمريكي بوقف المساعدات يفتح المجال لدور مغربي في الساحل,5.5,القرار الأمريكي بوقف المساعدات يفتح المجال لدور مغربي الساحل
"الكونغرس البيروفي يحث الحكومة على دعم ""الحكم الذاتي"" في الصحراء",3.0,الكونغرس البيروفي يحث الحكومة دعم الحكم الذاتي الصحراء
"بنعبد الله: ""الكتاب"" يؤازر ""ساكنة المحيط"" بلا أي خلفيات سياسوية",5.5,بنعبد الله الكتاب يؤازر ساكنة المحيط بلا خلفيات سياسوية
الملك يهنئ الوزير الأول الكندي,0.5,الملك يهنئ الوزير الأول الكندي
رئيس زامبيا يبعث رسالة إلى الملك,1.5,رئيس زامبيا يبعث رسالة الملك
وزير خارجية البيرو السابق: سيادة المغرب على الصحراء غير قابلة للتفاوض,3.5,وزير خارجية البيرو السابق سيادة المغرب الصحراء قابلة للتفاوض
بريظ يقوم بزيارة عمل إلى السعودية,2.5,بريظ يقوم بزيارة عمل السعودية
المغرب يسلم الجزائر جثمان مهاجر,1.5,المغرب يسلم الجزائر جثمان مهاجر
مياه وادي كير .. المغرب يتجنب الرد على تفاهات النظام الجزائري,4.5,مياه وادي كير المغرب يتجنب الرد تفاهات النظام الجزائري
وفد برلماني نسائي يروج للمناصفة,2.5,وفد برلماني نسائي يروج للمناصفة
"محللون: تصريحات وزير الداخلية الفرنسي ""إهانة غير مسبوقة"" لنظام الجزائر",3.5,محللون تصريحات وزير الداخلية الفرنسي إهانة مسبوقة لنظام الجزائر
"""الاشتراكي الموحد"" يطالب الرئيس السوري بتجنب ممارسات نظام الأسد",5.5,الاشتراكي الموحد يطالب الرئيس السوري بتجنب ممارسات نظام الأسد
"نداء دولي يدين تجنيد ""أطفال تندوف""",3.0,نداء دولي يدين تجنيد أطفال تندوف
"هل تفجر انتقادات ""الأصالة والمعاصرة"" الضمنية للحكومة ""أغلبية أخنوش""؟",4.0,تفجر انتقادات الأصالة والمعاصرة الضمنية للحكومة أغلبية أخنوش
"""المقاتلات الشبحية"" تشعل معركة الردع الجوي بين المغرب والجزائر",3.0,المقاتلات الشبحية تشعل معركة الردع الجوي المغرب والجزائر
بوصوف يرصد تداعيات التوتر الدبلوماسي بين أمريكا وجنوب إفريقيا,6.0,بوصوف يرصد تداعيات التوتر الدبلوماسي أمريكا وجنوب إفريقيا
‬فرحاوي يحاضر في السياسة الخارجية,3.5,يحاضر السياسة الخارجية
"ورقة بحثية تنبّه إلى ""حالة عدم اليقين"" بعد الانتخابات التشريعية في ألمانيا",4.0,ورقة بحثية حالة عدم اليقين الانتخابات التشريعية ألمانيا
اجتماع طرابلس المغاربي يُطلق تحذيرات ليبية من الاصطفافات السياسية,3.5,اجتماع طرابلس المغاربي تحذيرات ليبية الاصطفافات السياسية
"انطلاق لقاءات ميدانية لـ""جيل 2030""",2.5,انطلاق لقاءات ميدانية لـ جيل
أوريد يناقش تغيرات الساحة الدولية,4.5,أوريد يناقش تغيرات الساحة الدولية
"خبراء: المناورات العسكرية الإسبانية ""عين النسر"" لا تستهدف المغرب",2.5,خبراء المناورات العسكرية الإسبانية النسر تستهدف المغرب
المدور يدرُس النظام الداخلي للبرلمان,2.0,المدور النظام الداخلي للبرلمان
الحكومة تتفاعل مع 33% من الأسئلة الشفوية المطروحة بغرفتي البرلمان,2.5,الحكومة تتفاعل الأسئلة الشفوية المطروحة بغرفتي البرلمان
منظمة العفو تفضح انتهاكات إسرائيل,4.5,منظمة العفو تفضح انتهاكات إسرائيل
هل تتملص أحزابٌ داخل الأغلبية الحكومية من مسؤولية غلاء الأسعار؟,3.5,تتملص داخل الأغلبية الحكومية مسؤولية غلاء الأسعار
فريق نيابي يطالب بحضور برادة,2.5,فريق نيابي يطالب بحضور برادة
"هل يتخلى تنسيق المعارضة بمجلس النواب عن خيار ""الندوة المشتركة""؟",3.0,يتخلى تنسيق المعارضة بمجلس النواب خيار الندوة المشتركة
تنفيذ وتمويل وإشادة.. ورقة بحثية ترصد مكافحة القانون المغربي للإرهاب,5.0,تنفيذ وتمويل وإشادة ورقة بحثية ترصد مكافحة القانون المغربي للإرهاب
خبراء: تحديات تواجه استخدام الأحزاب للذكاء الاصطناعي في الانتخابات,4.0,خبراء تحديات تواجه استخدام الأحزاب للذكاء الاصطناعي الانتخابات
"الزهراوي يقتفي سياقات تحول ""تونس قيس سعيد"" إلى ""صوت للجزائر""",5.5,الزهراوي يقتفي سياقات تحول تونس قيس سعيد صوت للجزائر
وزير العدل: مدّ سياسي يسعى إلى هدم مشروع قانون المسطرة الجنائية,4.5,وزير العدل سياسي يسعى هدم مشروع قانون المسطرة الجنائية
"""سيديتي"" تغادر جبهة لدعم فلسطين",2.5,سيديتي تغادر جبهة لدعم فلسطين
فرق الأغلبية تسندُ ظهر الحكومة بالدعم السياسي لإخراج المسطرة الجنائية,4.5,فرق الأغلبية ظهر الحكومة بالدعم السياسي لإخراج المسطرة الجنائية
الحكومة تُتابع الحصيلة مع البرلمان,0.5,الحكومة الحصيلة البرلمان
بايتاس: تصدير زيت الزيتون المغربي إلى الخارج مقتصر على نوع معين,4.5,بايتاس تصدير زيت الزيتون المغربي الخارج مقتصر نوع معين
الملك يتمنى الشفاء العاجل للبابا,1.5,الملك يتمنى الشفاء العاجل للبابا
الهباش: الشعب الفلسطيني يعتز بمواقف الملك محمد السادس تجاه القضية,4.5,الهباش الشعب الفلسطيني يعتز بمواقف الملك محمد السادس القضية
"قرار: ""قانون الإضراب"" دستوري",2.0,قرار قانون الإضراب دستوري
"قيوح: نقل الأشخاص باعتماد ""التطبيقات الذكية"" يخالف القوانين المغربية",3.5,قيوح نقل الأشخاص باعتماد التطبيقات الذكية يخالف القوانين المغربية
"""التعاون القضائي"" يسهل إجراءات تسليم المجرمين بين المغرب وفرنسا",5.0,التعاون القضائي يسهل إجراءات تسليم المجرمين المغرب وفرنسا
الشراكة الثنائية تقود إلى ارتفاع تدفقات الأسلحة من مدريد إلى الرباط,3.0,الشراكة الثنائية تقود ارتفاع تدفقات الأسلحة مدريد الرباط
تعيينات في مناصب المسؤولية بالأمن,2.0,تعيينات مناصب المسؤولية بالأمن
دبلوماسية حقوق الإنسان تعزز حضور المغرب في المؤسسات الدولية,5.0,دبلوماسية حقوق الإنسان تعزز حضور المغرب المؤسسات الدولية
تقرير استراتيجي يرصد أبعاد وتطورات الحرب بين المغرب والجزائر,3.0,تقرير استراتيجي يرصد أبعاد وتطورات الحرب المغرب والجزائر
مباحثات مغربية أذربيجانية في الرباط,1.0,مباحثات مغربية أذربيجانية الرباط
"وهبي: المال العام ""ماشي سايب"" .. والمزايدات تسيء إلى الديمقراطية",4.0,وهبي المال العام ماشي سايب والمزايدات تسيء الديمقراطية
"""البام"" يحدد شروط نجاح خطة الشغل",3.0,البام يحدد شروط نجاح خطة الشغل
"""جيل 2030"" و""سنة التطوع"" .. تسخينات انتخابية أم مبادرات سياسية؟",3.5,جيل سنة التطوع تسخينات انتخابية مبادرات سياسية
"من جنيف.. منظمة إفريقية تنتفض ضد ""مافيا المساعدات"" في تندوف",4.0,جنيف منظمة إفريقية تنتفض ضد مافيا المساعدات تندوف
"آيت يدر بعيون أكاديميين وسياسيين.. مهندس تنظيمي و""مؤمن بالديمقراطية""",5.5,آيت يدر بعيون أكاديميين وسياسيين مهندس تنظيمي مؤمن بالديمقراطية
الكرجي تستعرض تمكين المغربيات,1.0,الكرجي تستعرض تمكين المغربيات
"بوصوف يبرز نجاح ""المحاكمة الشعبية"" في كشف زيف ""الطابور السادس""",5.5,بوصوف يبرز نجاح المحاكمة الشعبية كشف زيف الطابور السادس
"أخنوش يوصي بالفعالية في ""الصحة""‬",2.0,أخنوش يوصي بالفعالية الصحة
الملك يترحم على جده محمد الخامس‎,1.0,الملك يترحم جده محمد
"وهبي: جمعيات تبتزّ باسم محاربة الفساد .. و""أُقسم بالله أنني لنْ أقبل أي تعديل""",4.0,وهبي جمعيات باسم محاربة الفساد بالله أنني تعديل
"ديباجة مشروع المسطرة الجنائية تثير الجدل .. وهبي: ""ليست مهمّة دينية""",4.0,ديباجة مشروع المسطرة الجنائية تثير الجدل وهبي دينية
مسؤولون يترحمون على محمد الخامس .. باني الأمة ومُضَحٍّ للاستقلال,3.5,مسؤولون يترحمون محمد الخامس باني الأمة للاستقلال
"""بيرقدار-أقنجي"" تحلق 100 ألف ساعة .. وخبراء: إضافة للقوات المغربية",1.0,تحلق ساعة وخبراء إضافة للقوات المغربية
"الحركة الشعبية تطالب بـ""مهمتين استطلاعيتين"" لأسعار اللحوم الحمراء والسمك",6.0,الحركة الشعبية تطالب بـ مهمتين استطلاعيتين لأسعار اللحوم الحمراء والسمك
هذه أسباب محاولات برلمانيين ونشطاء أوروبيين زيارة الصحراء المغربية,2.0,أسباب محاولات برلمانيين ونشطاء أوروبيين زيارة الصحراء المغربية
"اليسار ينتقد عمليات الهدم بالرباط ويطالب السلطات بـ""احترام القوانين""",5.0,اليسار ينتقد عمليات الهدم بالرباط ويطالب السلطات بـ احترام القوانين
"جدل ""التسخينات الانتخابية"" يحضر في اجتماع لجنة المالية بمجلس النواب",4.5,جدل التسخينات الانتخابية يحضر اجتماع لجنة المالية بمجلس النواب
المغرب والجزائر يخفضان واردات السلاح في إفريقيا بنسبة 44 بالمائة,3.0,المغرب والجزائر يخفضان واردات السلاح إفريقيا بنسبة بالمائة
مباحثات تجمع الداكي بجيرالد دارمانان,2.5,مباحثات تجمع الداكي بجيرالد دارمانان
لقاء عبد النباوي ووزير العدل الفرنسي,2.0,لقاء عبد النباوي ووزير العدل الفرنسي
المغرب وفرنسا يعززان التعاون في مكافحة الإرهاب والجريمة المنظمة,5.0,المغرب وفرنسا يعززان التعاون مكافحة الإرهاب والجريمة المنظمة
"المعارضة تؤجل لقاء ""لجنة المالية""",2.5,المعارضة تؤجل لقاء لجنة المالية
المغرب يحيي ذكرى محمد الخامس,1.5,المغرب يحيي ذكرى محمد الخامس
"اجتماع ""لجنة المالية"" يشعل غضب مكونات المعارضة في مجلس النواب",4.5,اجتماع لجنة المالية يشعل غضب مكونات المعارضة مجلس النواب
"""معارضو بنكيران"" يتكتمون على تحضيرات المشاركة في ""مؤتمر البيجيدي""",3.5,معارضو بنكيران يتكتمون تحضيرات المشاركة مؤتمر البيجيدي
التوترات بين أوروبا والولايات المتحدة الأمريكية تختبر الدبلوماسية المغربية,2.0,التوترات أوروبا والولايات المتحدة الأمريكية تختبر الدبلوماسية المغربية
"الشروع في الاشتغال الميداني الجماعي ينتظر حسم قيادات ""التكتل الشعبي""",5.5,الشروع الاشتغال الميداني الجماعي ينتظر حسم قيادات التكتل الشعبي
المناورات العسكرية بين المغرب وفرنسا تثير ازدواجية المواقف الجزائرية,5.0,المناورات العسكرية المغرب وفرنسا تثير ازدواجية المواقف الجزائرية
هل تستطيع المرأة الوصول إلى رئاسة الحكومة المغربية في المستقبل؟,0.5,تستطيع المرأة الوصول رئاسة الحكومة المغربية المستقبل
أموال تهدد نزاهة الاتحاد الإفريقي,2.5,أموال تهدد نزاهة الاتحاد الإفريقي
التعاون الخفي بين الإرهابيين يهدد سلامة الشعوب بمنطقة شمال إفريقيا,4.0,التعاون الخفي الإرهابيين يهدد سلامة الشعوب بمنطقة إفريقيا
ندوة تبرز الإنجازات في الصحراء,2.0,ندوة تبرز الإنجازات الصحراء
مدريد تتجاهل ترحيل نواب أوروبيين,2.5,مدريد تتجاهل ترحيل نواب أوروبيين
‬مباحثات بوريطة والشيباني تفتح صفحة جديدة بين المغرب وسوريا,2.5,بوريطة والشيباني تفتح صفحة جديدة المغرب وسوريا
"بنطلحة يكتب: ""رياح الشركي"" تهب من الصحراء على ""بلاد القوة الضاربة""",5.5,بنطلحة يكتب رياح الشركي تهب الصحراء بلاد القوة الضاربة
لقاء بن ملوك وسفير مصر بالرباط,2.0,لقاء بن ملوك وسفير مصر بالرباط
ترامب يعين سفيرا جديدا بالمغرب,1.5,ترامب يعين سفيرا جديدا بالمغرب
"""البيجيدي"" يواصل الإعداد للمؤتمر الوطني بتحضير ""الوثائق التنظيمية""",4.0,البيجيدي يواصل الإعداد للمؤتمر الوطني بتحضير الوثائق التنظيمية
بوقنطار يتساءل: هل يقلب الرئيس الأمريكي ترامب موازين النظام الدولي؟,7.5,بوقنطار يتساءل يقلب الرئيس الأمريكي ترامب موازين النظام الدولي
"تنديد الجزائر بمناورات ""شرقي"" .. نظام العسكر يغرق في الخطاب العدائي",5.5,تنديد الجزائر بمناورات شرقي نظام العسكر يغرق الخطاب العدائي
المغرب يحتضن أول مكتب للاهاي,1.0,المغرب يحتضن مكتب للاهاي
تقرير النيابة العامة: تحسن الأداء القضائي وسط تحديات الموارد البشرية,6.0,تقرير النيابة العامة تحسن الأداء القضائي وسط تحديات الموارد البشرية
بقع مجانية لبعض القدماء العسكريين,2.5,بقع مجانية لبعض القدماء العسكريين
المرأة والمناصب العليا بالوظيفة العمومية: 209 من أصل 1463 مسؤولًا,3.0,المرأة والمناصب العليا بالوظيفة العمومية أصل
مباحثات تجمع بوريطة بنظيره السوري,2.5,مباحثات تجمع بوريطة بنظيره السوري
"بنعلي تغيب عن اجتماعات الهيدروجين الأخضر في ظل تفاقم خسائر ""نور 3""",5.5,بنعلي تغيب اجتماعات الهيدروجين الأخضر ظل تفاقم خسائر نور
"""جيل 2030"" في الأصالة والمعاصرة .. طموح التشبيب يعاكس واقع العزوف",4.0,جيل الأصالة والمعاصرة طموح التشبيب يعاكس واقع العزوف
الشراكة بين المغرب والسعودية .. تنمية اقتصادية ومواقف سياسية ثابتة,3.0,الشراكة المغرب والسعودية تنمية اقتصادية ومواقف سياسية ثابتة
زنيبر: المغرب يعزز حوار الأديان,1.5,زنيبر المغرب يعزز حوار الأديان
"عسكريون أمريكيون: تزود المغرب بمروحيات ""الأباتشي"" يردع الإرهاب",3.0,عسكريون أمريكيون تزود المغرب بمروحيات الأباتشي يردع الإرهاب
مجلس التعاون الخليجي: الملك محمد السادس يقوي مصداقية المغرب,2.5,مجلس التعاون الخليجي الملك محمد السادس يقوي مصداقية المغرب
بوريطة: شراكة المغرب والخليج راسخة .. والتعاون الاقتصادي رافعة أساسية,4.5,بوريطة شراكة المغرب والخليج راسخة والتعاون الاقتصادي رافعة أساسية
"""العقرب ثنائي الذيل"" .. المغرب يعزز القدرات الهجومية بمُسيرة صينية",3.0,العقرب ثنائي الذيل المغرب يعزز القدرات الهجومية صينية
بايتاس: المنتجات الغذائية الأساسية تخضع لمراقبة دورية خلال رمضان,5.5,بايتاس المنتجات الغذائية الأساسية تخضع لمراقبة دورية خلال رمضان
إيرلندا تدعم جهود المبعوث الأممي,4.5,إيرلندا تدعم جهود المبعوث الأممي
الملك يهنئ رئيس غانا بالعيد الوطني,2.0,الملك يهنئ رئيس غانا بالعيد الوطني
السنغال ينتبه إلى سجناء في المغرب,1.0,السنغال ينتبه سجناء المغرب
"توصل الجيش المغربي بمروحيات ""الأباتشي"" يخنق ميليشيات البوليساريو",3.0,توصل الجيش المغربي بمروحيات الأباتشي يخنق ميليشيات البوليساريو
محللون: القمة العربية تؤكد ثبات موقف المغرب بخصوص القضية الفلسطينية,5.0,محللون القمة العربية تؤكد ثبات موقف المغرب بخصوص القضية الفلسطينية
التعاون الثنائي بين المغرب وألبانيا يستشرف تنشيط الدبلوماسية البرلمانية,3.0,التعاون الثنائي المغرب وألبانيا يستشرف تنشيط الدبلوماسية البرلمانية
تجنيد الأطفال في مخيمات تندوف يسائل نجاعة تحركات المنتظم الدولي,7.5,تجنيد الأطفال مخيمات تندوف يسائل نجاعة تحركات المنتظم الدولي
"""الشعب الصحراوي"" .. اختراع فرانكو يغري اليسار الراديكالي الإسباني",4.0,الشعب الصحراوي اختراع فرانكو يغري اليسار الراديكالي الإسباني
دي ميستورا يبحث تطورات قضية الصحراء المغربية مع خارجية سلوفينيا,3.5,دي ميستورا يبحث تطورات قضية الصحراء المغربية خارجية سلوفينيا
"خطابي: ""قمة فلسطين"" ضد التهجير",2.5,خطابي قمة فلسطين ضد التهجير
السعودية تشيد بجهود الملك محمد السادس في إفريقيا والقضية الفلسطينية,4.5,السعودية تشيد بجهود الملك محمد السادس إفريقيا والقضية الفلسطينية
"انطلاق ""بناء الجسور بين المذاهب""",2.0,انطلاق بناء الجسور المذاهب
قضية الصحراء المغربية تراهن على مكاسب إضافية في أمريكا اللاتينية,4.0,قضية الصحراء المغربية تراهن مكاسب إضافية أمريكا اللاتينية
"""الكتاب"" يشيد بعدم ذبح الأضاحي",2.5,الكتاب يشيد بعدم ذبح الأضاحي
استقبال الدفعة الأولى من الأباتشي,2.0,استقبال الدفعة الأولى الأباتشي
"التعاون القضائي المغربي الإسباني يعزز حسن تنظيم ""مونديال 2030""",3.0,التعاون القضائي المغربي الإسباني يعزز حسن تنظيم مونديال
"رئيس مجلس المنافسة يتجاهل ""سخرية"" أوزين ويرفضُ ""المناوشات السياسية""",3.0,رئيس مجلس المنافسة يتجاهل سخرية أوزين المناوشات السياسية
"المغرب يدخل نادي النخبة العسكرية بمروحيات ""أباتشي"" الأمريكية المتطورة",4.5,المغرب يدخل نادي النخبة العسكرية بمروحيات أباتشي الأمريكية المتطورة
بوريطة يوضح بشأن مستقبل قطاع غزة,3.0,بوريطة يوضح بشأن مستقبل قطاع غزة
"أوزين ينتقد ""غياب تسقيف المحروقات"" وينعت مجلس المنافسة بـ""المقاعسة""",5.0,أوزين ينتقد غياب تسقيف المحروقات وينعت مجلس المنافسة بـ المقاعسة
"""البام"" يطلق ""جيل 2030"" لدمج الشباب في السياسة قبل ""المونديال""",3.5,البام يطلق جيل لدمج الشباب السياسة المونديال
"أوزين: ""الهمزة"" تتربص بالسياسة .. و""المغرب الأخضر"" بلا نحر لن يُنسى",3.0,أوزين الهمزة تتربص بالسياسة المغرب الأخضر بلا نحر
تعاون قضائي بين المغرب وإسبانيا,1.0,تعاون قضائي المغرب وإسبانيا
القمة العربية تثمن دور لجنة القدس,3.0,القمة العربية تثمن دور لجنة القدس
"""المؤتمر العربي"" يرفض تهجير غزة",2.5,المؤتمر العربي يرفض تهجير غزة
‪أسعار بيع الأسماك تحاصر الدريوش‬,1.5,بيع الأسماك تحاصر
لقاءات بوريطة على هامش القمة,2.0,لقاءات بوريطة هامش القمة
تقرير: الجزائر تزيد الإنفاق العسكري لتحويل الأنظار عن الإحباط الاقتصادي,5.5,تقرير الجزائر تزيد الإنفاق العسكري لتحويل الأنظار الإحباط الاقتصادي
فعاليات بالقدس تشيد بمبادرات الملك,1.5,فعاليات بالقدس تشيد بمبادرات الملك
"ألباريس: المغرب ""شريك إستراتيجي""",1.0,ألباريس المغرب شريك إستراتيجي
وكالة بيت مال القدس توزع أغذية,3.0,وكالة بيت مال القدس توزع أغذية
"السويني يستعرض دروس ""مول الحوت"" في السياسة والاقتصاد والمجتمع",4.0,السويني يستعرض دروس مول الحوت السياسة والاقتصاد والمجتمع
"""البام والسنبلة"" يساندان مطلب تقييم ورش التغطية الصحية في المغرب",4.5,البام والسنبلة يساندان مطلب تقييم ورش التغطية الصحية المغرب
تقرير أمريكي: المنظومة القانونية المغربية تعزز حماية العمال المنزليين,3.5,تقرير أمريكي المنظومة القانونية المغربية تعزز حماية العمال المنزليين
منشقون عن جبهة البوليساريو يدعون إلى إنهاء المعاناة في مخيمات تندوف,4.0,منشقون جبهة البوليساريو يدعون إنهاء المعاناة مخيمات تندوف
ولد الرشيد يشيد بالموقف الألباني,2.5,ولد الرشيد يشيد بالموقف الألباني
مباحثات العلمي ووزير خارجية ألبانيا,1.5,مباحثات العلمي ووزير خارجية ألبانيا
40 دولة تجدد دعم مغربية الصحراء,2.5,دولة تجدد دعم مغربية الصحراء
أقوى مروحيات هجومية في العالم تصل إلى المغرب عبر ميناء طنجة,4.5,أقوى مروحيات هجومية العالم تصل المغرب عبر ميناء طنجة
"بعد خمسة أشهر من الجمود .. ملف الصحراء يشهد تآكل دور ""دي ميستورا""",5.5,أشهر الجمود ملف الصحراء يشهد تآكل دور دي ميستورا
"إنهاء ""العمال الكردستاني"" للقتال يقصم ظهر المشروع الانفصالي للبوليساريو",5.5,إنهاء العمال الكردستاني للقتال يقصم ظهر المشروع الانفصالي للبوليساريو
تسابق أوروبي لتزويد المغرب بغواصات بحرية.. ألمانيا وفرنسا في الواجهة,5.5,تسابق أوروبي لتزويد المغرب بغواصات بحرية ألمانيا وفرنسا الواجهة
"تهديدات الإرهاب في الساحل .. خلفيات استهداف تنظيم ""داعش"" للمغرب",4.0,تهديدات الإرهاب الساحل خلفيات استهداف تنظيم داعش للمغرب
من الكواليس إلى الواجهة .. ملف نزاع الصحراء يطيح بأقنعة النظام الجزائري,4.5,الكواليس الواجهة ملف نزاع الصحراء يطيح بأقنعة النظام الجزائري
قادة الإمارات يهنئون الملك برمضان,1.5,قادة الإمارات يهنئون الملك برمضان
الملك يهنئ زعماء الدول الإسلامية,1.5,الملك يهنئ زعماء الدول الإسلامية
ألبانيا تشيد بالمبادرة الأطلسية .. وتدعم تدبير المغرب لقضية الصحراء,4.5,ألبانيا تشيد بالمبادرة الأطلسية وتدعم تدبير المغرب لقضية الصحراء
المغرب وألبانيا يوقعان إعلانًا مشتركًا لتعزيز العلاقات الثنائية بين البلدين,2.5,المغرب وألبانيا يوقعان لتعزيز العلاقات الثنائية البلدين
مطالب بتقييم تعميم التغطية الصحية,2.5,مطالب بتقييم تعميم التغطية الصحية
الملك يهنئ رئاسة البوسنة والهرسك,1.5,الملك يهنئ رئاسة البوسنة والهرسك
قيود التأشيرات وترحيل المهاجرين.. دعم البوليساريو يضر بمصالح الجزائريين,5.5,قيود التأشيرات وترحيل المهاجرين دعم البوليساريو يضر بمصالح الجزائريين
"دراسة: الأحزاب تواصلت مع 18% من المغاربة ""مباشرة"" في الحملة الانتخابية",3.5,دراسة الأحزاب تواصلت المغاربة مباشرة الحملة الانتخابية
شكاية جديدة تعمق ورطة أبو الغالي,2.5,شكاية جديدة تعمق ورطة الغالي
تعيينات جديدة تنعش آمال نقابيي الفلاحة والصيد في معالجة الاختلالات العميقة,6.0,تعيينات جديدة تنعش آمال نقابيي الفلاحة والصيد معالجة الاختلالات العميقة
المغرب يتسلم محتجزين من الجزائر,1.0,المغرب يتسلم محتجزين الجزائر
بركة يكسب دعوى ضد استقلاليين,2.5,بركة يكسب دعوى ضد استقلاليين
"رائحة حملات انتخابية مبكرة تنبعث من ""بونات"" توزيع القفة الرمضانية",5.5,رائحة حملات انتخابية مبكرة تنبعث بونات توزيع القفة الرمضانية
"الصابري يحفز ""الاتفاقيات الجماعية""",2.0,الصابري يحفز الاتفاقيات الجماعية
"أومليل: إسرائيل قاعدة لإبقاء ""تخلّف العرب"".. و""الطائفية"" تهدد لبنان",6.0,أومليل إسرائيل قاعدة لإبقاء العرب الطائفية تهدد لبنان
"ملتقى الصحراويين بلاس بالماس يبدد وهم ""التمثيلية الشرعية"" للبوليساريو",5.5,ملتقى الصحراويين بلاس بالماس يبدد وهم التمثيلية الشرعية للبوليساريو
"موعد افتتاح ملاعب ""الكان"" والمونديال",2.5,موعد افتتاح ملاعب الكان والمونديال
"بايتاس: لقاءات تنهي ""خلافاتٍ تجارية"" مع مصر.. ومسافة تزنيت والداخلة تتقلص",5.5,بايتاس لقاءات تنهي تجارية مصر ومسافة تزنيت والداخلة تتقلص
"الملك يواصل التأهيل الوظيفي.. وإعادة النظر في ""أنشطة رمضان""",3.0,الملك يواصل التأهيل الوظيفي وإعادة النظر أنشطة رمضان
الحكومة تهتم بالخدمات المنقولة,1.0,الحكومة تهتم بالخدمات المنقولة
الناطق الرسمي باسم الحكومة يثمن عدم إقامة شعيرة الذبح في عيد الأضحى,5.5,الناطق الرسمي باسم الحكومة يثمن عدم إقامة شعيرة الذبح عيد الأضحى
جاذبية الصحراء المغربية تزعج سفير النظام الجزائري المعتمد في السعودية,3.5,جاذبية الصحراء المغربية تزعج سفير النظام الجزائري المعتمد السعودية
"المغرب يطبق القوانين الوطنية في مواجهة ""زيارات الابتزاز"" بالصحراء",2.0,المغرب يطبق القوانين الوطنية مواجهة زيارات الابتزاز بالصحراء
إسبانيا تدرس تجنيس انفصاليين,2.0,إسبانيا تدرس تجنيس انفصاليين
"تقرير أممي يكشف تضرر جمعيات ومنظمات مغربية من ""تعليق منح أمريكية""",6.0,تقرير أممي يكشف تضرر جمعيات ومنظمات مغربية تعليق منح أمريكية
أحزاب سياسية تثمّن القرار الملكي بعدم قيام المغاربة بذبح أضاحي العيد,5.0,أحزاب سياسية القرار الملكي بعدم قيام المغاربة بذبح أضاحي العيد
"""التشدد الأوروبي واللجنة الرابعة"".. خبراء يبسطون تحديات ملف الصحراء",7.5,التشدد الأوروبي واللجنة الرابعة خبراء يبسطون تحديات ملف الصحراء
أمير المؤمنين يهيب بالمغاربة عدم إقامة شعيرة ذبح أضحية العيد هذه السنة,6.5,أمير المؤمنين يهيب بالمغاربة عدم إقامة شعيرة ذبح أضحية العيد السنة
"زيارة لارشي تستنفر ""نظام الجزائر""",2.5,زيارة لارشي تستنفر نظام الجزائر
الصابري يهنئ مخارق على ثقة UMT,2.5,الصابري يهنئ مخارق ثقة UMT
جبهة القوى تشيد باليقظة الأمنية,2.5,جبهة القوى تشيد باليقظة الأمنية
مقترح تمويل أمريكي يهم المغرب,1.5,مقترح تمويل أمريكي يهم المغرب
"أخنوش يكشف تفاصيل ""خارطة طريق حكومية"" لتعزيز التشغيل في المغرب",4.5,أخنوش يكشف تفاصيل خارطة طريق حكومية لتعزيز التشغيل المغرب
مدافعون عن البيئة يرفضون شحن نفايات الاتحاد الأوروبي إلى المغرب,5.0,مدافعون البيئة يرفضون شحن نفايات الاتحاد الأوروبي المغرب
قنصلية فرنسية بالصحراء .. امتصاص لغضب الجزائر أم منافسة لواشنطن؟,4.0,قنصلية فرنسية بالصحراء امتصاص لغضب الجزائر منافسة لواشنطن
برامج إعادة الإسكان تربك مخططات انتخابية لكبار المرشحين في المغرب,4.5,برامج إعادة الإسكان تربك مخططات انتخابية لكبار المرشحين المغرب
"بوصوف يتابع ""لعبة الدومينو"" بالصحراء.. اعترافات وزيارات وفتح قنصليات",5.5,بوصوف يتابع لعبة الدومينو بالصحراء اعترافات وزيارات وفتح قنصليات
العلمي: قيم تجمع المغرب والمكسيك,1.5,العلمي قيم تجمع المغرب والمكسيك
"""مجلس جنيف"".. المغرب يلتزم بتعزيز التعاون الدولي في مجال حقوق الإنسان",6.0,مجلس جنيف المغرب يلتزم بتعزيز التعاون الدولي مجال حقوق الإنسان
اتفاقات تعاون تتوج محادثات مجلس الشيوخ الفرنسي بالأقاليم الجنوبية,4.5,اتفاقات تعاون تتوج محادثات مجلس الشيوخ الفرنسي بالأقاليم الجنوبية
"المغرب يتجنب ""التصادمات الأممية"" حول الحرب بين روسيا وأوكرانيا",5.0,المغرب يتجنب التصادمات الأممية حول الحرب روسيا وأوكرانيا
بوريطة ومونتيرو يبحثان التعاون,2.0,بوريطة ومونتيرو يبحثان التعاون
رئيس الغابون يقوم بزيارة الرباط,1.5,رئيس الغابون يقوم بزيارة الرباط
المغرب يبرز تحولات التعامل مع الإعدام في مجلس حقوق الإنسان بجنيف,3.5,المغرب يبرز تحولات التعامل الإعدام مجلس حقوق الإنسان بجنيف
الملك يبعث تهنئة إلى أمير الكويت,1.5,الملك يبعث تهنئة أمير الكويت
لارشي يثمن التنمية في الصحراء,2.0,لارشي يثمن التنمية الصحراء
ولد الرشيد: فرنسا تظهر الفهم العميق لحقيقة الوضع في الصحراء المغربية,6.0,ولد الرشيد فرنسا تظهر الفهم العميق لحقيقة الوضع الصحراء المغربية
لارشي يؤكد رغبة فرنسا في تعزيز الحضور القنصلي بالصحراء المغربية,5.5,لارشي يؤكد رغبة فرنسا تعزيز الحضور القنصلي بالصحراء المغربية
ولد الرشيد يثمن الشراكة مع باريس,2.5,ولد الرشيد يثمن الشراكة باريس
أخنوش يستقبل لارشير بالرباط,1.0,أخنوش يستقبل لارشير بالرباط
الملك يهنئ رئيس جمهورية إستونيا,1.5,الملك يهنئ رئيس جمهورية إستونيا
"رئيس ""الشيوخ الفرنسي"" يجدد دعم مغربية الصحراء ويشيد بمبادرة الأطلسي",6.0,رئيس الشيوخ الفرنسي يجدد دعم مغربية الصحراء ويشيد بمبادرة الأطلسي
"وزير العدل يؤكد في ""مجلس جنيف"" التزام المغرب بتعزيز حقوق الإنسان",3.0,وزير العدل يؤكد مجلس جنيف التزام المغرب بتعزيز حقوق الإنسان
موقف إسبانيا من قضية الصحراء المغربية يُحبط المناورات الجزائرية,1.5,موقف إسبانيا قضية الصحراء المغربية المناورات الجزائرية
نواب الصحراء المغربية يدينون الأجندة التحريضية لبرلمانيين أوروبيين,2.0,نواب الصحراء المغربية يدينون الأجندة التحريضية لبرلمانيين أوروبيين
وفد برلماني فرنسي يزور العيون,2.5,وفد برلماني فرنسي يزور العيون
الملك يشيد بعلاقات المغرب واليابان,0.5,الملك يشيد بعلاقات المغرب واليابان
"""الأحرار"" ينتقدون معزوز بالبيضاء",2.0,الأحرار ينتقدون معزوز بالبيضاء
المخارق يقود الـ UMT لولاية رابعة,3.0,المخارق يقود الـ UMT لولاية رابعة
النقاشات حول إصلاح منظومة العدالة .. التوافق فضيلة والتقديرات مختلفة,5.5,النقاشات حول إصلاح منظومة العدالة التوافق فضيلة والتقديرات مختلفة
"بنطلحة يفضح لعب النظام الجزائري بالقبعات و""التزحلق فوق الكلمات""",4.0,بنطلحة يفضح لعب النظام الجزائري بالقبعات التزحلق الكلمات
"""قيادات الأحرار"" تثمّن حصيلة الحكومة ونجاحات الدبلوماسية في ملف الصحراء",3.0,قيادات الأحرار حصيلة الحكومة ونجاحات الدبلوماسية ملف الصحراء
ذكرى وفاة آيت إيدر تحيي آمال تشكيل جبهة يسارية موحدة بالمغرب,5.5,ذكرى وفاة آيت إيدر تحيي آمال تشكيل جبهة يسارية موحدة بالمغرب
فارس يكرم سفير الأرجنتين السابق,2.5,فارس يكرم سفير الأرجنتين السابق
"""المثقفون الاتحاديون"" يتدارسون الارتقاء بالمشروع الديمقراطي التنموي",3.5,المثقفون الاتحاديون يتدارسون الارتقاء بالمشروع الديمقراطي التنموي
نقاشات خبراء تستعجل إحداث منتدى فكري من أجل الحوار المغاربي,4.0,نقاشات خبراء تستعجل إحداث منتدى فكري الحوار المغاربي
"أخنوش وبايرو يثمنان ""التحول الكبير"" في العلاقات الثنائية المغربية الفرنسية",3.5,أخنوش وبايرو يثمنان التحول الكبير العلاقات الثنائية المغربية الفرنسية
سفير ألمانيا يوشح مكور في طنجة,2.5,سفير ألمانيا يوشح مكور طنجة
الملك يبارك يوم التأسيس السعودي,1.5,الملك يبارك يوم التأسيس السعودي
"تأخر تفعيل مؤسسات استشارية دستورية يثير تساؤلات حول ""هدر الزمن""",6.0,تأخر تفعيل مؤسسات استشارية دستورية يثير تساؤلات حول هدر الزمن
مركز أمريكي يتوقع تسريع حل نزاع الصحراء في ولاية ترامب الثانية,6.0,مركز أمريكي يتوقع تسريع حل نزاع الصحراء ولاية ترامب الثانية
"باحثون موريتانيون في ""وكالة القدس""",2.0,باحثون موريتانيون وكالة القدس
موخاريق: الوضع بالمغرب مطبوع بالاختناق.. ومستعدون لإضراب جديد,3.0,موخاريق الوضع بالمغرب مطبوع بالاختناق ومستعدون لإضراب جديد
"""الفوبريل"" يدعم حل نزاع الصحراء",2.5,الفوبريل يدعم حل نزاع الصحراء
"""نقابة موخاريق"" تطلق شعارات ضد قانون الإضراب والتطبيع مع إسرائيل",7.5,نقابة موخاريق تطلق شعارات ضد قانون الإضراب والتطبيع إسرائيل
ولد الرشيد يجري مباحثات بالهندوراس,2.5,ولد الرشيد يجري مباحثات بالهندوراس
"تصريحات وهبي تغضب ""نادي القضاة""",2.5,تصريحات وهبي تغضب نادي القضاة
مرصد بالمكسيك يدعم مغربية الصحراء,2.5,مرصد بالمكسيك يدعم مغربية الصحراء
ولد الرشيد يعزز التعاون من الهندوراس,2.5,ولد الرشيد يعزز التعاون الهندوراس
"المحكمة الإدارية بالرباط ترفض التصريح بتأسيس ""حزب التجديد والتقدم""",4.5,المحكمة الإدارية بالرباط ترفض التصريح بتأسيس حزب التجديد والتقدم
بريطانيا تعيّن سفيرا جديدا بالمغرب,1.0,بريطانيا سفيرا جديدا بالمغرب
مؤشر القوة الناعمة: المغرب يحتفظ بمركزه الـ 50 عالمياً والجزائر تتراجع,4.5,مؤشر القوة الناعمة المغرب يحتفظ بمركزه الـ والجزائر تتراجع
وهبي يترأس وفد المغرب إلى جنيف,1.5,وهبي يترأس وفد المغرب جنيف
حقوقيون مغاربة يدافعون عن المشاركة السياسية للأشخاص ذوي الإعاقات,4.0,حقوقيون مغاربة يدافعون المشاركة السياسية للأشخاص ذوي الإعاقات
"وهبي: ""الوشايات بلا أدلة"" تهدد الديمقراطية.. والقاضي منفذ لا مشرع",5.5,وهبي الوشايات بلا أدلة تهدد الديمقراطية والقاضي منفذ مشرع
سلطات مدينة العيون ترفض دخول برلمانيين أوروبيين داعمين للبوليساريو,5.5,سلطات مدينة العيون ترفض دخول برلمانيين أوروبيين داعمين للبوليساريو
برلمانات إفريقيا ترفض الانفصال,2.0,برلمانات إفريقيا ترفض الانفصال
مذكّرة تدعم التشغيل بجهة الشرق,1.0,تدعم التشغيل بجهة الشرق
"الوزير السكوري يلمح إلى قرب فتح الحكومة مشروع ""قانون النقابات""",3.5,الوزير السكوري يلمح قرب فتح الحكومة مشروع قانون النقابات
وثيقة جديدة تؤجل ملف أبو الغالي,2.5,وثيقة جديدة تؤجل ملف الغالي
الحكومة تختبر الأسواق قبل رمضان,1.0,الحكومة تختبر الأسواق رمضان
"تقارير: المغرب يقترب من الحصول على مقاتلة ""إف-35"" خلال ولاية ترامب",3.0,تقارير المغرب يقترب الحصول مقاتلة خلال ولاية ترامب
الناطق باسم الحكومة ينفي استثناء أي مواطن من الحماية الاجتماعية,3.0,الناطق باسم الحكومة ينفي استثناء مواطن الحماية الاجتماعية
مغاربة يدعون الجزائر إلى الاعتذار,2.0,مغاربة يدعون الجزائر الاعتذار
العلمي: الإرهابيون والانفصاليون يحرمون الأفارقة من التقدم والازدهار,3.5,العلمي الإرهابيون والانفصاليون يحرمون الأفارقة التقدم والازدهار
"لفتيت يعلن تعديلات ""مباراة القياد""",2.5,لفتيت يعلن تعديلات مباراة القياد
"بوريطة: السياسة الخارجية المغربية القارية تقوم على ""التفاؤل الإفريقي""",4.0,بوريطة السياسة الخارجية المغربية القارية تقوم التفاؤل الإفريقي
"بريظ يستقبل قائد بعثة ""المينورسو""",2.5,بريظ يستقبل قائد بعثة المينورسو
تجاهل الترحيل القسري للمغاربة يفضح تناقض الجزائر في الاتحاد الإفريقي,5.5,تجاهل الترحيل القسري للمغاربة يفضح تناقض الجزائر الاتحاد الإفريقي
"""اليسار الجديد"" يأمل تصدر الاقتراع ويطالب بتعديل مدونة الانتخابات",5.5,اليسار الجديد يأمل تصدر الاقتراع ويطالب بتعديل مدونة الانتخابات
المصباحي ينتقد تغييب التشارك في مسودة مشروع قانون المسطرة الجنائية,5.5,المصباحي ينتقد تغييب التشارك مسودة مشروع قانون المسطرة الجنائية
"بنكيران: التنافس المبكر يغذي طموح ""البيجيدي"" بتصدر انتخابات 2026",4.0,بنكيران التنافس المبكر يغذي طموح البيجيدي بتصدر انتخابات
اختيار المغرب ضيف شرف معرضين بباريس يجسد تقدير فرنسا للمملكة,7.0,اختيار المغرب ضيف شرف معرضين بباريس يجسد تقدير فرنسا للمملكة
زيارة وزيرة الثقافة الفرنسية للصحراء تشعل بيانات الغضب بالجزائر وتندوف,5.0,زيارة وزيرة الثقافة الفرنسية للصحراء تشعل بيانات الغضب بالجزائر وتندوف
"أخنوش يترأس اجتماعا بشأن ""الصحة""",2.5,أخنوش يترأس اجتماعا بشأن الصحة
جبهة الإنقاذ السورية تحذر الجزائر,2.5,جبهة الإنقاذ السورية تحذر الجزائر
"""الكتاب"" ينبه إلى حاجيات رمضان",2.0,الكتاب ينبه حاجيات رمضان
"جودار: ""الحصان"" يعرف دينامية تنظيمية ولن يفرط في ""مناضلي الشمال""",5.5,جودار الحصان يعرف دينامية تنظيمية ولن يفرط مناضلي الشمال
"المعارضة النيابية تتمسك بإبقاء ""التنسيق الرباعي"" في مواجهة الحكومة",2.0,المعارضة النيابية تتمسك بإبقاء التنسيق الرباعي مواجهة الحكومة
"""قيادة الاستقلال"" تتحرك بالبيضاء",2.0,قيادة الاستقلال تتحرك بالبيضاء
التهديدات في الساحل الإفريقي تقوي التعاون العسكري بين المغرب ومالي,3.0,التهديدات الساحل الإفريقي تقوي التعاون العسكري المغرب ومالي
زيارة وزيرة الثقافة الفرنسية للصحراء المغربية تربك الدبلوماسية الجزائرية,2.5,زيارة وزيرة الثقافة الفرنسية للصحراء المغربية تربك الدبلوماسية الجزائرية
"تحديات ترهن مستقبل ""البيجيدي"" السياسي والانتخابي بعد ""مؤتمر أبريل""",3.5,تحديات ترهن مستقبل البيجيدي السياسي والانتخابي مؤتمر
في ذكرى معاهدة مراكش.. لكريني يستعرض معوقات بناء الاتحاد المغاربي,5.5,ذكرى معاهدة مراكش لكريني يستعرض معوقات بناء الاتحاد المغاربي
"يساريون: ""تعديل مدونة الأسرة"" يكشف مزايا دسترة ""إمارة المؤمنين""",5.5,يساريون تعديل مدونة الأسرة يكشف مزايا دسترة إمارة المؤمنين
"هل تحتاج الدبلوماسية المغربية إلى بذل ""جهد أكبر"" في القارة الإفريقية؟",2.0,تحتاج الدبلوماسية المغربية بذل جهد أكبر القارة الإفريقية
الملك يؤكد دعم محمود علي يوسف,2.0,الملك يؤكد دعم محمود علي يوسف
المغرب وفرنسا يعززان الشراكة الثقافية بتوقيع اتفاقيات جديدة بالرباط,5.5,المغرب وفرنسا يعززان الشراكة الثقافية بتوقيع اتفاقيات جديدة بالرباط
الملك محمد السادس يهنئ غامبيا,1.5,الملك محمد السادس يهنئ غامبيا
تحولات تطال الهجرة بقارة إفريقيا,2.5,تحولات تطال الهجرة بقارة إفريقيا
المغرب ينجح في إبعاد ملف الصحراء عن أجندة قادة الاتحاد الإفريقي,4.5,المغرب ينجح إبعاد ملف الصحراء أجندة قادة الاتحاد الإفريقي
مسار الراحل محمد بنسعيد آيت إيدر .. نضال الحرية والعدالة والاستقلال,6.0,مسار الراحل محمد بنسعيد آيت إيدر نضال الحرية والعدالة والاستقلال
"""السعار الجزائري"" ضد المملكة يزيد تمسك المغاربة بالمؤسسات الدستورية",5.5,السعار الجزائري ضد المملكة يزيد تمسك المغاربة بالمؤسسات الدستورية
مباحثات قضائية بين المغرب والسنغال,1.0,مباحثات قضائية المغرب والسنغال
الدعاية الإيرانية تقحم المغرب في سيناريوهات وهمية لتهجير الفلسطينيين,3.0,الدعاية الإيرانية تقحم المغرب سيناريوهات وهمية لتهجير الفلسطينيين
انتخاب المغرب في رئاسة لجنة حقوقية,1.5,انتخاب المغرب رئاسة لجنة حقوقية
العلمي: العناية الملكية ترتقي بالحماية الاجتماعية إلى مكانة استراتيجية,3.0,العلمي العناية الملكية ترتقي بالحماية الاجتماعية مكانة استراتيجية
الشامي: كلفة العلاجات في المصحات تتضاعف 5 مرات مقارنة بالمستشفيات,4.0,الشامي كلفة العلاجات المصحات تتضاعف مرات مقارنة بالمستشفيات
أخنوش: الورش الإصلاحي للحماية الاجتماعية يحسن ظروف عيش المغاربة,5.5,أخنوش الورش الإصلاحي للحماية الاجتماعية يحسن ظروف عيش المغاربة
تجمعيات: المدونة تعزز تماسك الأسر,2.5,تجمعيات المدونة تعزز تماسك الأسر
الدبلوماسية المغربية في الاتحاد الإفريقي تفضح أحقاد النظام الجزائري,2.0,الدبلوماسية المغربية الاتحاد الإفريقي تفضح أحقاد النظام الجزائري
ولد الرشيد: التفكير الجماعي قادر على تعزيز منظومة الحماية الاجتماعية,5.5,ولد الرشيد التفكير الجماعي قادر تعزيز منظومة الحماية الاجتماعية
ابن حساين: الانحطاط يزيد بالجزائر,2.5,ابن حساين الانحطاط يزيد بالجزائر
الذكرى 14 للثورة الليبية .. المغرب يواصل تشجيع مسار إرساء الاستقرار,4.5,الذكرى للثورة الليبية المغرب يواصل تشجيع مسار إرساء الاستقرار
دراسة تسلط الضوء على أداء المبعوثين الأمميين إلى الصحراء المغربية,4.0,دراسة تسلط الضوء أداء المبعوثين الأمميين الصحراء المغربية
سياسة ترامب بمنطقة الشرق الأوسط .. وهم الاستقرار وحتمية الاضطراب,5.5,سياسة ترامب بمنطقة الشرق الأوسط وهم الاستقرار وحتمية الاضطراب
فرحة استعمارية وثغرات بروتوكولية ترافق الجزائر في المفوضية الإفريقية,4.0,فرحة استعمارية وثغرات بروتوكولية ترافق الجزائر المفوضية الإفريقية
المغرب يدعم إصلاح الاتحاد الإفريقي,1.5,المغرب يدعم إصلاح الاتحاد الإفريقي
"بروباغندا اليأس بالجزائر .. ""النظام الكذاب"" يرفع جرعة استهداف المغرب",4.5,بروباغندا اليأس بالجزائر النظام الكذاب يرفع جرعة استهداف المغرب
توشيح حموشي بوسام نايف للأمن العربي,3.0,توشيح حموشي بوسام نايف للأمن العربي
المغرب يؤكد الالتزام بحسن الجوار,1.5,المغرب يؤكد الالتزام بحسن الجوار
البرازيل تقر اتفاقية تعاون مع المغرب,1.5,البرازيل تقر اتفاقية تعاون المغرب
أحزاب ومؤسسات تطلق شخصيات افتراضية .. إشادات واعتراضات,3.5,أحزاب ومؤسسات تطلق شخصيات افتراضية إشادات واعتراضات
مؤتمر حول التنمية بالمغرب وموريتانيا,1.5,مؤتمر حول التنمية بالمغرب وموريتانيا
"الجباري: مشروع قانون ""المسطرة الجنائية"" يتعارض مع مبادئ دستورية",4.0,الجباري مشروع قانون المسطرة الجنائية يتعارض مبادئ دستورية
حكاية جحا والحمار.. إعلام الجزائر يتورط في الكذب المفضوح ضد المملكة,6.0,حكاية جحا والحمار إعلام الجزائر يتورط الكذب المفضوح ضد المملكة
آيت ميك ينادي بالتضامن الدولي,4.5,آيت ميك ينادي بالتضامن الدولي
مركز تفكير بريطاني: مبادرات المغرب تساهم في مواجهة التهديدات بالساحل,3.5,مركز تفكير بريطاني مبادرات المغرب تساهم مواجهة التهديدات بالساحل
داتي تلتقي فاعلين ثقافيين في الرباط,1.5,داتي تلتقي فاعلين ثقافيين الرباط
لوائح الغرف المهنية‬ تنتظر الطعون,2.0,لوائح الغرف تنتظر الطعون
لجان لوائح الانتخاب تعلن التعديلات,2.5,لجان لوائح الانتخاب تعلن التعديلات
تحركات سياسية بطنجة تنذر بمفاجآت في ترشيحات الأحزاب لانتخابات 2026,4.0,تحركات سياسية بطنجة تنذر بمفاجآت ترشيحات الأحزاب لانتخابات
المغرب يشارك في اجتماع بأديس أبابا,1.5,المغرب يشارك اجتماع بأديس أبابا
"""الحركة"" تحذر من تداعيات اجتماعية",2.0,الحركة تحذر تداعيات اجتماعية
الكونغرس الكولومبي يدعم المغرب,1.0,الكونغرس الكولومبي يدعم المغرب
"الجزائر تلجأ إلى سياسة ""الابتزاز وشراء الأصوات"" بعد الفيتو الإفريقي",4.0,الجزائر تلجأ سياسة الابتزاز وشراء الأصوات الفيتو الإفريقي
ندوة تنظر إلى السياسات التنموية المغربية على ضوء نتائج الإحصاء العام,3.5,ندوة تنظر السياسات التنموية المغربية ضوء نتائج الإحصاء العام
"صفحات ""نبل السياسة"" تستعرض مسار القيادي اليساري إسماعيل العلوي",5.5,صفحات نبل السياسة تستعرض مسار القيادي اليساري إسماعيل العلوي
بنسعيد يجري مباحثات بمدينة جدة,2.5,بنسعيد يجري مباحثات بمدينة جدة
ولد الرشيد يستقبل رئيس البارلاتينو,2.5,ولد الرشيد يستقبل رئيس البارلاتينو
بايتاس: تخصيص 14 مليار درهم للتشغيل سابقة.. والإيرادات الضريبية ترتفع,4.0,بايتاس تخصيص مليار للتشغيل سابقة والإيرادات الضريبية ترتفع
تعيينات في مناصب حكومية عليا,2.0,تعيينات مناصب حكومية عليا
وزير الفلاحة: قطيع المواشي يشهد تراجعا كبيرا .. وأسعار اللحوم مستقرة,5.0,وزير الفلاحة قطيع المواشي يشهد تراجعا كبيرا وأسعار اللحوم مستقرة
وفد عسكري إفريقي يزور المغرب,1.5,وفد عسكري إفريقي يزور المغرب
بكلفة 14 مليار درهم.. هذه تفاصيل الخطة الحكومية لإنعاش التشغيل,3.5,بكلفة مليار تفاصيل الخطة الحكومية لإنعاش التشغيل
بنسعيد يبرز دعم الملك لفلسطين,1.5,بنسعيد يبرز دعم الملك لفلسطين
"""سوريا الجديدة"" تكشف تهور النظام الجزائري وحكمة الموقف المغربي",4.5,سوريا الجديدة تكشف تهور النظام الجزائري وحكمة الموقف المغربي
"التصريح الإجباري بممتلكات الموظفين والأعوان يربك ""أغنياء الجماعات""",4.0,التصريح الإجباري بممتلكات الموظفين والأعوان يربك أغنياء الجماعات
إحباط التهريب الدولي للمخدرات في الكركرات .. يقظة عالية وأهمية متزايدة,7.5,إحباط التهريب الدولي للمخدرات الكركرات يقظة عالية وأهمية متزايدة
"اللمتوني يبسط إجراءات عملية لتخطي سلبيات ""نزع الملكية"" في المغرب",3.5,اللمتوني يبسط إجراءات عملية لتخطي سلبيات نزع الملكية المغرب
"وهبي يعد بمحاسبة ""جمعيات ثرية""",2.5,وهبي يعد بمحاسبة جمعيات ثرية
الوكيل القضائي للمملكة: المنازعات ضد الدولة تستنزف المال العام,5.5,الوكيل القضائي للمملكة المنازعات ضد الدولة تستنزف المال العام
"وهبي يتهم بنكيران باقتراف ""أفعال إجرامية تحت طائلة القانون الجنائي""",5.5,وهبي يتهم بنكيران باقتراف أفعال إجرامية طائلة القانون الجنائي
الجزائر تفشل في الحصول على مقعد بمجلس السلم والأمن الإفريقي,3.0,الجزائر تفشل الحصول مقعد بمجلس السلم والأمن الإفريقي
"وزير العدل يؤازر حقوق المعارضة في ""الانتقاد المطلق"" للجهاز الحكومي",4.5,وزير العدل يؤازر حقوق المعارضة الانتقاد المطلق للجهاز الحكومي
هاغسيت يتعهد بدحر الإرهاب بإفريقيا,2.5,هاغسيت يتعهد بدحر الإرهاب بإفريقيا
"""بيجيدي"" يتهم جهات بتعطيل لجنة المخطط الأخضر.. و""الأحرار"" ينتقد ""الكذب""",6.0,بيجيدي يتهم جهات بتعطيل لجنة المخطط الأخضر الأحرار ينتقد الكذب
وزير الحج السعودي يكشف جهود تحسين الخدمات للمعتمرين المغاربة,4.5,وزير الحج السعودي يكشف جهود تحسين الخدمات للمعتمرين المغاربة
بريظ وبراون يشيدان بالتعاون العسكري,2.5,بريظ وبراون يشيدان بالتعاون العسكري
بدء المجلس التنفيذي للاتحاد الإفريقي,1.5,بدء المجلس التنفيذي للاتحاد الإفريقي
الحكومة تأذن بإنشاء مركز لصيانة وإصلاح طائرات القوات المسلحة,4.5,الحكومة تأذن بإنشاء مركز لصيانة وإصلاح طائرات القوات المسلحة
مستشارون يستفسرون عن ضمان استفادة المغاربة من الثروات السمكية,3.5,مستشارون يستفسرون ضمان استفادة المغاربة الثروات السمكية
"""المونديال"" يحفز إرساء منظومة قانونية وتنظيمية متكاملة في المغرب",3.0,المونديال يحفز إرساء منظومة قانونية وتنظيمية متكاملة المغرب
العلمي يتمنى نظر المحكمة الدستورية في الانسحاب من الجلسة التشريعية,4.0,العلمي يتمنى نظر المحكمة الدستورية الانسحاب الجلسة التشريعية
"ولد الرشيد يثمن ""الحصيلة الخريفية"" .. ويتمسك بتقوية الدبلوماسية البرلمانية",5.5,ولد الرشيد يثمن الحصيلة الخريفية ويتمسك بتقوية الدبلوماسية البرلمانية
"المعارضة تنتقد تدبير الحكومة لمنظومة الاستثمار و""فشل الدعم الفلاحي""",4.5,المعارضة تنتقد تدبير الحكومة لمنظومة الاستثمار فشل الدعم الفلاحي
"العلمي: حصيلة الدورة الخريفية غنية.. ولجنة ""المخطط الأخضر"" تنطلق قريبا",6.0,العلمي حصيلة الدورة الخريفية غنية ولجنة المخطط الأخضر تنطلق قريبا
"المغرب يخسر نقطة في مكافحة الفساد .. وجمعية ""ترانسبرانسي"" تتأسف",3.0,المغرب يخسر نقطة مكافحة الفساد وجمعية ترانسبرانسي تتأسف
وزير الحج السعودي يشيد بالمغرب,0.5,وزير الحج السعودي يشيد بالمغرب
"""أغلبية النواب"" تشيد بمعالجة أزمة المياه وتطلب ""مسحا للصحة العقلية""",6.0,أغلبية النواب تشيد بمعالجة أزمة المياه وتطلب مسحا للصحة العقلية
إفراج إسرائيل عن أموال فلسطينية .. إشادة واسعة بالمبادرة الملكية,5.0,إفراج إسرائيل أموال فلسطينية إشادة واسعة بالمبادرة الملكية
"وزارة الداخلية تطالب الجماعات الترابية بالبحث عن ""مليارات منسية""",3.0,وزارة الداخلية تطالب الجماعات الترابية بالبحث مليارات منسية
بنعبد الله والاتحاديون على صفيح ساخن .. تطلعات حكومية وتشنجات بينية,5.5,بنعبد الله والاتحاديون صفيح ساخن تطلعات حكومية وتشنجات بينية
الدبلوماسية تثمن الفرص الاقتصادية الواعدة في العلاقات العراقية المغربية,2.0,الدبلوماسية تثمن الفرص الاقتصادية الواعدة العلاقات العراقية المغربية
"""المقاربة الأحادية"" تغضب نقابيين من تنزيل الهيكلة المركزية بوزارة الصحة",5.5,المقاربة الأحادية تغضب نقابيين تنزيل الهيكلة المركزية بوزارة الصحة
"ميداوي: المنح الجامعية تحتاج تعبئة جهوية .. و""معادلة الشواهد"" محددة",5.5,ميداوي المنح الجامعية تحتاج تعبئة جهوية معادلة الشواهد محددة
"أوزين: حزب الحركة الشعبية يرفض التشريع من أجل ""المواقع العابرة""",4.0,أوزين حزب الحركة الشعبية يرفض التشريع المواقع العابرة
بايتاس يعلن اقتراب توسيع الاستفادة من برامج رفع القدرات الجمعوية,5.5,بايتاس يعلن اقتراب توسيع الاستفادة برامج رفع القدرات الجمعوية
وهبي: الابتزاز الإلكتروني ليس حرية تعبير.. والربح السريع يحرك السب,5.5,وهبي الابتزاز الإلكتروني حرية تعبير والربح السريع يحرك السب
الحكومة تتدارس أخطار مهنيي الصحة,1.5,الحكومة تتدارس أخطار مهنيي الصحة
"وزير الشؤون الإسلامية يُحمل المغاربة مسؤولية الإقبال على ""بضاعات دينية""",3.0,وزير الشؤون الإسلامية المغاربة مسؤولية الإقبال بضاعات دينية
محادثات لفتيت ووزير داخلية إسبانيا,1.5,محادثات لفتيت ووزير داخلية إسبانيا
الغرفة الثانية تقر مدونة الأدوية,2.5,الغرفة الثانية تقر مدونة الأدوية
"فريق ""الأحرار"" يتولّى الدفاع عن الوزيرة بنعلي أمام مجلس الحسابات",1.5,فريق الأحرار الدفاع الوزيرة بنعلي مجلس الحسابات
فلسطين تشكر الملك محمد السادس,1.5,فلسطين تشكر الملك محمد السادس
أكاديميون مغاربة يبادرون إلى التواصل بشأن المشاركة السياسية الشبابية,4.0,أكاديميون مغاربة يبادرون التواصل بشأن المشاركة السياسية الشبابية
"الخارجية الجزائرية تحاول إحباط التقارب بين المغرب و""سوريا الجديدة""",5.0,الخارجية الجزائرية تحاول إحباط التقارب المغرب سوريا الجديدة
نواب الفريق الاشتراكي يتقدمون بمقترح قانون لتقوية حماية المستهلك,5.5,نواب الفريق الاشتراكي يتقدمون بمقترح قانون لتقوية حماية المستهلك
"وزير الداخلية يؤكد صرف 90% من دعم جبر أضرار ""فيضانات شتنبر""",3.5,وزير الداخلية يؤكد صرف دعم جبر أضرار فيضانات شتنبر
"قانون الإضراب يقسم ""التكتل الشعبي"" في أول اختبار للتحالف الحزبي",4.0,قانون الإضراب يقسم التكتل الشعبي اختبار للتحالف الحزبي
تمرير قانون الإضراب يضع مستقبل علاقة الحكومة والنقابات على المحك,4.5,تمرير قانون الإضراب يضع مستقبل علاقة الحكومة والنقابات المحك
"""جبهة القوى"" يتابع أوراش المونديال",2.5,جبهة القوى يتابع أوراش المونديال
"""الدخان والمرايا"" .. الدكالي يُعري تناقضات خطاب تبون بشأن إسرائيل",6.0,الدخان والمرايا الدكالي تناقضات خطاب تبون بشأن إسرائيل
حمدان: المقاومة الفلسطينية تهزم الكيان الصهيوني.. والعالم سينهار,4.0,حمدان المقاومة الفلسطينية تهزم الكيان الصهيوني والعالم سينهار
"نقابة تستنكر ""تزييف أرقام الإضراب""",2.5,نقابة تستنكر تزييف أرقام الإضراب
"قيادات ""حزب الأحرار"" تستحضر ""الحاجة المجتمعية"" لمراجعة مدونة الأسرة",5.5,قيادات حزب الأحرار تستحضر الحاجة المجتمعية لمراجعة مدونة الأسرة
مكتب الاتصال الإسرائيلي بالرباط: تهجير سكان غزة إلى المغرب مجرد شائعة,6.0,مكتب الاتصال الإسرائيلي بالرباط تهجير سكان غزة المغرب مجرد شائعة
"موخاريق يتهم الحكومة بـ""تزييف نسب المشاركة"" في الإضراب العام",4.5,موخاريق يتهم الحكومة بـ تزييف نسب المشاركة الإضراب العام
"بوريطة: المغرب والعراق يحتاجان إلى ""منتدى بحث التعاون الاقتصادي""",3.0,بوريطة المغرب والعراق يحتاجان منتدى بحث التعاون الاقتصادي
المغرب والعراق يجددان التأكيد على رفض التهجير من الأراضي الفلسطينية,3.0,المغرب والعراق يجددان التأكيد رفض التهجير الأراضي الفلسطينية
واقع التواصل الحكومي في المغرب .. استطلاع مطلوب وارتجال مرفوض,3.0,واقع التواصل الحكومي المغرب استطلاع مطلوب وارتجال مرفوض
"مجلس النواب يتولى طلب تحيين ""رأي بوعياش"" في المسطرة الجنائية",4.5,مجلس النواب يتولى طلب تحيين رأي بوعياش المسطرة الجنائية
أطروحة ترصد تواصل الحكومة بالأزمات,1.5,أطروحة ترصد تواصل الحكومة بالأزمات
دراسة ترصد تقاطعات التشريع الدستوري والوضع الحقوقي في المغرب,3.0,دراسة ترصد تقاطعات التشريع الدستوري والوضع الحقوقي المغرب
لقاء بالبيضاء يتناول كفاح آيت إيدر,3.0,لقاء بالبيضاء يتناول كفاح آيت إيدر
برلمانات إفريقية تعدد أدوار المبادرة الأطلسية في تحقيق الاندماج القاري,5.5,برلمانات إفريقية تعدد أدوار المبادرة الأطلسية تحقيق الاندماج القاري
مجلس النواب يختتم الدورة الثلاثاء,1.5,مجلس النواب يختتم الدورة الثلاثاء
غياب 291 نائبا خلال جلسة تشريعية يثير انقسام الأغلبية والمعارضة,5.5,غياب نائبا خلال جلسة تشريعية يثير انقسام الأغلبية والمعارضة
مقترح قانون يروم تحسين تطبيق قانون الحصول على المعلومات بالمغرب,4.5,مقترح قانون يروم تحسين تطبيق قانون الحصول المعلومات بالمغرب
"الزهراوي: خبر إمكانية استقبال المغرب للفلسطينيين المهجرين ""شائعات مضللة""",4.5,الزهراوي خبر إمكانية استقبال المغرب للفلسطينيين المهجرين شائعات مضللة
"تصريحات العلمي تغضب ""UMT""",2.0,تصريحات العلمي تغضب UMT
"مجلس الحكومة يقر ""تعيينات عليا""",0.5,مجلس الحكومة يقر تعيينات عليا
الأغلبية بمجلس النواب تثمن التعاون,1.5,الأغلبية بمجلس النواب تثمن التعاون
الطالبي العلمي: المبادرة الملكية الأطلسية فرصة تاريخية للتنمية الإفريقية,4.5,الطالبي العلمي المبادرة الملكية الأطلسية فرصة تاريخية للتنمية الإفريقية
"التهراوي يكشف وضعية ""بوحمرون""",2.0,التهراوي يكشف وضعية بوحمرون
"بايتاس: المغرب يوفر ""لقاح العمرة"".. وعائد ضريبة الدخل يصل 435 درهما",5.0,بايتاس المغرب يوفر لقاح العمرة وعائد ضريبة الدخل يصل درهما
"نقابات ""الإضراب العام"" تتوعد الحكومة بالإعلان عن احتجاجات إضافية",3.0,نقابات الإضراب العام تتوعد الحكومة بالإعلان احتجاجات إضافية
"المغرب يدعو إلى إرساء آليات تعاون ناجعة بين ""الدول الإفريقية الأطلسية""",4.5,المغرب يدعو إرساء آليات تعاون ناجعة الدول الإفريقية الأطلسية
أجانب يساندون الإضراب بالمغرب,1.0,أجانب يساندون الإضراب بالمغرب
"صدى قرار ترامب ""يُربك"" برامج الوكالة الأمريكية للتنمية الدولية بالمغرب",6.5,صدى قرار ترامب برامج الوكالة الأمريكية للتنمية الدولية بالمغرب
"هذه مؤشرات ""اندحار"" أساليب إقناع الجزائر بأطروحة جبهة البوليساريو",4.0,مؤشرات اندحار أساليب إقناع الجزائر بأطروحة جبهة البوليساريو
"أول اختبار طيران يقرب المغرب من نظام الحرب الإلكترونية ""Viper Shield""",4.5,اختبار طيران يقرب المغرب نظام الحرب الإلكترونية Viper Shield
السكوري: جرمنا طرد وتنقيل المضربين .. والإضراب العام من حق النقابات,5.5,السكوري جرمنا طرد وتنقيل المضربين والإضراب العام حق النقابات
جبهة الإنقاذ في سوريا تطالب الشرع بقطع العلاقات مع جبهة البوليسايو,5.5,جبهة الإنقاذ سوريا تطالب الشرع بقطع العلاقات جبهة البوليسايو
‪ في إشارة إلى الجزائر .. بنسعيد: قانون حماية التراث يصدّ محاولات السرقة,4.0,إشارة الجزائر بنسعيد قانون حماية التراث محاولات السرقة
مجلس النواب يقر قانون حماية التراث,2.0,مجلس النواب يقر قانون حماية التراث
"الفيدرالية الديمقراطية للشغل: نجاح الدعوة إلى الإضراب العام ""أمر صعب""",5.5,الفيدرالية الديمقراطية للشغل نجاح الدعوة الإضراب العام أمر صعب
مورو: المشاريع المغربية ترفع تحدي التنمية في وجه التغيرات المناخية,3.5,مورو المشاريع المغربية ترفع تحدي التنمية وجه التغيرات المناخية
السكوري: قانون الإضراب مع الحق,2.0,السكوري قانون الإضراب الحق
بموافقة 84 برلمانيا ومعارضة 20 .. النواب يصادقون على قانون الإضراب,3.5,بموافقة برلمانيا ومعارضة النواب يصادقون قانون الإضراب
"""التسخينات الانتخابية"" تنعكس على تعاطي البرلمانيين مع أعضاء الحكومة",2.5,التسخينات الانتخابية تنعكس تعاطي البرلمانيين أعضاء الحكومة
"""الداخلية"" تعرض تحسينات جزئية على النظام الأساسي لموظفي الجماعات",3.0,الداخلية تعرض تحسينات جزئية النظام الأساسي لموظفي الجماعات
"أخنوش: إخراج قانون الإضراب ""لحظة تاريخية"".. والتشغيل يتصدر الأولويات",5.5,أخنوش إخراج قانون الإضراب لحظة تاريخية والتشغيل يتصدر الأولويات
"""معارضة المستشارين"" تنتقد ""تعثر الحكومة في تنزيل الحماية الاجتماعية""",3.0,معارضة المستشارين تنتقد تعثر الحكومة تنزيل الحماية الاجتماعية
"""التقدم والاشتراكية"" يدعم الإضراب العام",2.5,التقدم والاشتراكية يدعم الإضراب العام
"""أغلبية المستشارين"" تشيد بإصلاحات الحكومة وتعزيز المكانة الدولية للمملكة",6.5,أغلبية المستشارين تشيد بإصلاحات الحكومة وتعزيز المكانة الدولية للمملكة
سياسي برازيلي من أصول مغربية يهودية يعود لرئاسة مجلس الشيوخ,4.5,سياسي برازيلي أصول مغربية يهودية يعود لرئاسة مجلس الشيوخ
العلمي: الانسحاب من التصويت على قانون الإضراب خيانة للسيادة الوطنية,4.0,العلمي الانسحاب التصويت قانون الإضراب خيانة للسيادة الوطنية
"""زلزال سياسي"" يهدد الاتحاد الدستوري",2.5,زلزال سياسي يهدد الاتحاد الدستوري
لجنة نيابية تصادق على قانون الإضراب,2.5,لجنة نيابية تصادق قانون الإضراب
أخنوش: نجاعة التدبير تُحسّن المؤشرات.. وأرقام البطالة تحتاج قراءة موضوعية,5.5,أخنوش نجاعة التدبير المؤشرات وأرقام البطالة تحتاج قراءة موضوعية
المغرب يساهم بأكثر من مليوني دولار في ميزانية الأمم المتحدة 2025,6.5,المغرب يساهم بأكثر مليوني ميزانية الأمم المتحدة
تعاون قضائي يجمع المغرب والكويت,1.5,تعاون قضائي يجمع المغرب والكويت
الملك يهنئ الشرع بتوليه رئاسة سوريا,2.0,الملك يهنئ الشرع بتوليه رئاسة سوريا
"المغرب يطلق منصة للخدمات الرقمية ويقترب من ""أنترنيت الجيل الخامس""",4.5,المغرب يطلق منصة للخدمات الرقمية ويقترب أنترنيت الجيل الخامس
الملك يبارك عيد سريلانكا الوطني,1.5,الملك يبارك عيد سريلانكا الوطني
"‬الجزائر تزعم ""رفض تسليح البوليساريو"" .. وخبراء: هروب من المسؤولية",3.5,تزعم رفض تسليح البوليساريو وخبراء هروب المسؤولية
"بنسعيد يرصد مساهمة ""جواز الشباب"" في معالجة إشكالية التشغيل",4.0,بنسعيد يرصد مساهمة جواز الشباب معالجة إشكالية التشغيل
العلاقات المغربية الخليجية .. وشائج استراتيجية تواجه التهديدات الشيعية,2.0,العلاقات المغربية الخليجية وشائج استراتيجية تواجه التهديدات الشيعية
"موخاريق: الحكومة تدعم ""الباطرونا""",1.0,موخاريق الحكومة تدعم الباطرونا
"أغلبية مجلس المستشارين تنوه بـ""هدوء الحكومة"" في إخراج قانون الإضراب",4.0,أغلبية مجلس المستشارين تنوه بـ هدوء الحكومة إخراج قانون الإضراب
معارضة مجلس المستشارين تحذر من تخريب التنسيقيات للعمل النقابي,3.0,معارضة مجلس المستشارين تحذر تخريب التنسيقيات للعمل النقابي
"""المستشارين"" يقر مشروع قانون الإضراب",2.5,المستشارين يقر مشروع قانون الإضراب
"""نقابة UMT"" توضح قرار الانسحاب",2.5,نقابة UMT توضح قرار الانسحاب
الملك يعزي في وفاة هورست كوهلر,1.5,الملك يعزي وفاة هورست كوهلر
رفض إضافة ديباجة لمشروع الإضراب,2.5,رفض إضافة ديباجة لمشروع الإضراب
"نواب: ""غياب"" وزراء يعطل الرقابة",2.5,نواب غياب وزراء يعطل الرقابة
السكوري: الحكومة قبلت أغلب تعديلات النقابات على قانون الإضراب,3.0,السكوري الحكومة قبلت أغلب تعديلات النقابات قانون الإضراب
"المستجدات تجمع ""شبيبة الأحرار""",2.0,المستجدات تجمع شبيبة الأحرار
"""UMT"" تحتج بمجلس المستشارين",1.0,UMT تحتج بمجلس المستشارين
عضوية الجزائر في مجلس الأمن الدولي .. هيبة مفقودة واستغلال للتمثيلية,6.5,عضوية الجزائر مجلس الأمن الدولي هيبة مفقودة واستغلال للتمثيلية
"نقابة ""UMT"" تنادي بإضراب عام",2.5,نقابة UMT تنادي بإضراب عام
الرئيس الجزائري يقيل وزير المالية,1.5,الرئيس الجزائري يقيل وزير المالية
الدريسي: الحركة الشعبية ليست نقابة,2.0,الدريسي الحركة الشعبية نقابة
"بيانات برلمانية تكشف ""تفوق النائبات"" خلال الدورة التشريعية السادسة",5.5,بيانات برلمانية تكشف تفوق النائبات خلال الدورة التشريعية السادسة
استمرار التقارب بين الرباط ونواكشوط يثير القلق وسط خصوم المغرب,3.5,استمرار التقارب الرباط ونواكشوط يثير القلق وسط خصوم المغرب
"""قانون الإضراب"" يبرمج للتصويت",2.0,قانون الإضراب يبرمج للتصويت
بنعبد الله يدين قرارات الإدارة السورية الجديدة ويرفض عقاب ترامب لكوبا,6.5,بنعبد الله يدين قرارات الإدارة السورية الجديدة ويرفض عقاب ترامب لكوبا
"""الاستقلال"" يبعث رسائل انتخابية من الصحراء.. وولد الرشيد يتوقع قيادة الحكومة",5.0,الاستقلال يبعث رسائل انتخابية الصحراء وولد الرشيد يتوقع قيادة الحكومة
فرنسا تعوّل على الشراكة مع المغرب,2.5,فرنسا الشراكة المغرب
"لجنة التعليم  تقر ""مشروع الإضراب""",2.5,لجنة التعليم تقر مشروع الإضراب
الحكومة تقبل تعديلات بشأن الإضراب,1.5,الحكومة تقبل تعديلات بشأن الإضراب
وجوه جديدة تدخل إلى مجلس النواب,1.5,وجوه جديدة تدخل مجلس النواب
مبادرة تشريعية تحاصر التنافي وتمنع أعضاء دواوين من النشاط الحزبي,5.5,مبادرة تشريعية تحاصر التنافي وتمنع أعضاء دواوين النشاط الحزبي
وزيرة خارجية ساو تومي تزور العيون,2.0,وزيرة خارجية ساو تومي تزور العيون
البيت الأبيض: ترامب يفي بأكبر الوعود,5.0,البيت الأبيض ترامب يفي بأكبر الوعود
نقابة: خروقات في تمرير قانون الإضراب,2.5,نقابة خروقات تمرير قانون الإضراب
"الحكومة تقبل تخفيض ""آجال الإضراب"" وتحتفظ بمبدأ ""الأجر مقابل العمل""",5.0,الحكومة تقبل تخفيض آجال الإضراب وتحتفظ بمبدأ الأجر مقابل العمل
الملك محمد السادس يعزي ترامب,1.5,الملك محمد السادس يعزي ترامب
"السكوري يرفض ""الإضراب الفردي"" ويتمسك بتوصيف ""احتلال أماكن العمل""",5.5,السكوري يرفض الإضراب الفردي ويتمسك بتوصيف احتلال أماكن العمل
توقيع اتفاقيات بين المغرب واليمن‎,0.5,توقيع اتفاقيات المغرب
"الحكومة تلجأ إلى توسيع المشاورات قبل ""إضافة ديباجة"" لقانون الإضراب",3.0,الحكومة تلجأ توسيع المشاورات إضافة ديباجة لقانون الإضراب
بوريطة يدعو إلى الانتقال لمراحل جديدة لتحقيق إقامة الدولة الفلسطينية,5.5,بوريطة يدعو الانتقال لمراحل جديدة لتحقيق إقامة الدولة الفلسطينية
"اقتراب شهر رمضان الفضيل يسائل ""الاستغلال السياسي"" للعمل الخيري",5.5,اقتراب شهر رمضان الفضيل يسائل الاستغلال السياسي للعمل الخيري
اليمن يجدد الدعم لمغربية الصحراء,2.5,اليمن يجدد الدعم لمغربية الصحراء
"نقابات المعارضة تتمسك بديباجة قانون الإضراب وإسقاط ""الأجر مقابل العمل""",6.0,نقابات المعارضة تتمسك بديباجة قانون الإضراب وإسقاط الأجر مقابل العمل
"كواليس اجتماع ""رئاسة الأغلبية"" .. نقاشات ساخنة تعيد ضبط إيقاع الحكومة",5.0,كواليس اجتماع رئاسة الأغلبية نقاشات ساخنة تعيد ضبط إيقاع الحكومة
سفير إسبانيا: العلاقات بين مدريد والرباط استراتيجية في جميع المجالات,2.5,سفير إسبانيا العلاقات مدريد والرباط استراتيجية المجالات
حركة انتقالية تعيد انتشار القضاة,2.5,حركة انتقالية تعيد انتشار القضاة
أخنوش يستقبل وزير خارجية اليمن,1.5,أخنوش يستقبل وزير خارجية اليمن
رئاسة الأغلبية الحكومية تعلن الاشتغال على دينامية لتقليص بطالة المغاربة,5.5,رئاسة الأغلبية الحكومية تعلن الاشتغال دينامية لتقليص بطالة المغاربة
الحكومة تقرّ اختصاصات هيئة الصحة,1.0,الحكومة اختصاصات هيئة الصحة
الملك يعزي خادم الحرمين الشريفين,1.5,الملك يعزي خادم الحرمين الشريفين
الزروالي يشيد بتدبير المغرب للحدود,1.5,الزروالي يشيد بتدبير المغرب للحدود
"بايتاس: ""شيطنة"" الحكومة لن تخدم محاربة الفساد .. ومعدل المديونية 69%",3.0,بايتاس شيطنة الحكومة تخدم محاربة الفساد ومعدل المديونية
الملك يشيد بمسار التعاون مع الأردن,1.5,الملك يشيد بمسار التعاون الأردن
الملك يهنئ العاهل فيليبي السادس,1.5,الملك يهنئ العاهل فيليبي السادس
الجزائر تواجه عزلة دبلوماسية متزايدة بسبب تداعيات ملف الصحراء المغربية,4.0,الجزائر تواجه عزلة دبلوماسية متزايدة بسبب تداعيات ملف الصحراء المغربية
"""تسخينات انتخابية"" تنقل رؤساء جماعات إلى المقاهي ومحطات المحروقات",4.0,تسخينات انتخابية تنقل رؤساء جماعات المقاهي ومحطات المحروقات
قراءات متباينة ترافق طرح قضايا التدبير الترابي في النقاش البرلماني,5.5,قراءات متباينة ترافق طرح قضايا التدبير الترابي النقاش البرلماني
الفريق النيابي للأصالة والمعاصرة يدعو للبناء بلا رخصة بالمناطق القروية,6.0,الفريق النيابي للأصالة والمعاصرة يدعو للبناء بلا رخصة بالمناطق القروية
الترافع المدني عن قضية الصحراء المغربية يسائل تكوين الأجيال المستقبلية,3.5,الترافع المدني قضية الصحراء المغربية يسائل تكوين الأجيال المستقبلية
"وهبي يؤكد اشتغال وزارة العدل  على مشروع ""الملف القضائي الإلكتروني""",5.5,وهبي يؤكد اشتغال وزارة العدل مشروع الملف القضائي الإلكتروني
طرد داعمين للبوليساريو من العيون .. واجهة سياحية وأهداف تحريضية,3.0,طرد داعمين للبوليساريو العيون واجهة سياحية وأهداف تحريضية
أخنوش يذكر بالولوج العادل للأدوية,2.5,أخنوش يذكر بالولوج العادل للأدوية
سلسلة اجتماعات تتطرق لتطوير التعاون الأمني بين المغرب وإسبانيا وألمانيا,4.5,سلسلة اجتماعات تتطرق لتطوير التعاون الأمني المغرب وإسبانيا وألمانيا
"المغرب يراهن على ترقية معبر الكركرات إلى ""ممر إفريقي إستراتيجي""",3.0,المغرب يراهن ترقية معبر الكركرات ممر إفريقي إستراتيجي
"حموشي في ""نقاش ثلاثي"" بمدريد",2.0,حموشي نقاش ثلاثي بمدريد
أبو الغالي يمثل أمام المحكمة .. والنيابة العامة تمنح مهلة لمحاولة الصلح,5.5,الغالي يمثل المحكمة والنيابة العامة تمنح مهلة لمحاولة الصلح
المغرب يتسلم محتجزين بالجزائر,1.0,المغرب يتسلم محتجزين بالجزائر
قيادة حزب الاستقلال تدعم سعي نزار بركة إلى رئاسة الحكومة المقبلة,5.0,قيادة حزب الاستقلال تدعم سعي نزار بركة رئاسة الحكومة المقبلة
أخنوش يترأس اجتماع وكالة الدم,2.5,أخنوش يترأس اجتماع وكالة الدم
بلجيكا تجدد دعم الحكم الذاتي .. وبوريطة يحذر من تعرض الجالية للاستغلال,6.0,بلجيكا تجدد دعم الحكم الذاتي وبوريطة يحذر تعرض الجالية للاستغلال
قرار فرنسي يحبط محاولات الجزائر والبوليساريو حظر منتجات الصحراء المغربية,4.0,قرار فرنسي يحبط محاولات الجزائر والبوليساريو حظر منتجات الصحراء المغربية
"الأمين العام لحزب الاستقلال يستفز منتخبي ""الأحرار"" في جهة طنجة",4.5,الأمين العام لحزب الاستقلال يستفز منتخبي الأحرار جهة طنجة
"رسالة تدافع عن ""حكومة البيجيدي""",2.0,رسالة تدافع حكومة البيجيدي
"وزارة الداخلية تعد ""الدراسات اللازمة"" لتنظيم خدمات النقل بالتطبيقات",4.5,وزارة الداخلية تعد الدراسات اللازمة لتنظيم خدمات النقل بالتطبيقات
المغرب والمالديف يناقشان التعاون,1.0,المغرب والمالديف يناقشان التعاون
بن إبراهيم: دور التجديد الحضري استباقي .. ودعم السكن يخضع للمواكبة,6.0,بن إبراهيم دور التجديد الحضري استباقي ودعم السكن يخضع للمواكبة
أخنوش يستعرض مؤشرات الاقتصاد,2.0,أخنوش يستعرض مؤشرات الاقتصاد
السكوري: ظروف العاملين بالخارج حسنة .. وغياب الدبلومات يفاقم البطالة,5.5,السكوري ظروف العاملين بالخارج حسنة وغياب الدبلومات يفاقم البطالة
وهبي يستكمل التشاور ضد التعذيب,2.5,وهبي يستكمل التشاور ضد التعذيب
"""جبهة القوى"" تنفي وجود منشقين",2.5,جبهة القوى تنفي وجود منشقين
المغرب يجدد المساندة لسيادة الدول,1.5,المغرب يجدد المساندة لسيادة الدول
"مجلس النواب يقبل ""قانون CNSS""",1.5,مجلس النواب يقبل قانون CNSS
"لفتيت: نتائج ""تقليص الفوارق"" إيجابية .. والتنمية القروية تحظى بالأولوية",5.5,لفتيت نتائج تقليص الفوارق إيجابية والتنمية القروية تحظى بالأولوية
باكستان تواكب مهاجرين بالمغرب,1.0,باكستان تواكب مهاجرين بالمغرب
مجلس النواب يمرر قانون المفوض,1.5,مجلس النواب يمرر قانون المفوض
وهبي يبرز إيجابية قانون المفوضين,2.5,وهبي يبرز إيجابية قانون المفوضين
سفير اليابان يشيد بالعلاقات الاقتصادية والقيم المشتركة مع المملكة المغربية,3.5,سفير اليابان يشيد بالعلاقات الاقتصادية والقيم المشتركة المملكة المغربية
الجزائر تُرحّل معتقلين مغاربة إلى سجون بعيدة وسط إدانات حقوقية,4.0,الجزائر معتقلين مغاربة سجون بعيدة وسط إدانات حقوقية
رئيس مليلية يتعاطف مع البوليساريو,2.0,رئيس مليلية يتعاطف البوليساريو
"""تزويج القاصرات"" يثير جدلاً قانونيا قبل إحالة مدونة الأسرة على التشريع",4.0,تزويج القاصرات يثير قانونيا إحالة مدونة الأسرة التشريع
