title,score
إسواتيني ترفض مناورات جنوب إفريقيا,0
من التدبير إلى التغيير.. المغرب يكثف التحركات الدبلوماسية في ملف الصحراء,0
هل تنجح الوساطة الأمريكية بين المغرب والجزائر في طي نزاع الصحراء؟,0
ملف الصحراء: من نضج المبادرة المغربية إلى اختبار جدية الأمم المتحدة,0
تهديدات وزير الداخلية الفرنسي تعمق عزلة النظام العسكري الجزائري,0
"تنظيم ""أسبوع المغرب"" في نواكشوط",0
المغرب وسلوفينيا يشجعان الشراكات,0
إنشاء تجمع مدارس عسكرية بالمنزه,0
صابري يحفز إبرام الاتفاقيات الجماعية للارتقاء بأوضاع المقاولات والأجراء,0
سلوفينيا تساند مقترح الحكم الذاتي,0
"المغرب يبدي الاهتمام بالقدرات القتالية لدبابة ""كي 2 بلاك بانثر"" الكورية",0
"دي ميستورا يستشعر نهاية ""المينورسو"" .. ضغوط مالية وتغيرات دولية",0
القضاة الأفارقة يتناقشون في البيضاء,0
صناعة الدفاع الهندية تهتم بالمغرب,0
منظمات تنتظر التحقيق الدولي في إعدام صحراويين بنيران عسكر الجزائر,0
خدمة منعشين عقاريين تقرب رؤساء جماعات ترابية من عقوبة العزل,0
علاقات المغرب وإسبانيا.. دعم للحكم الذاتي وتكريس للتعاون الإستراتيجي,0
علاج رئيس غينيا السابق في المغرب,0
بوريطة: علاقات المغرب وإسبانيا إيجابية.. والحكم الذاتي يحظى بإجماع دولي,0
إسبانيا تجدد الدعم لمبادرة الحكم الذاتي,0
الملك يجدد دعم المغرب لوحدة سوريا,0
تحولات إستراتيجية في إفريقيا تدعم سيادة المغرب وترفض الانفصال,0
من الجزائر إلى إيران .. البوليساريو تغرق في الدماء مع نظام طهران,0
المجلس الاقتصادي والاجتماعي يتمسك بالأدوار الدستورية للمجتمع المدني,0
برلمانيو أمريكا الوسطى يشيدون بنموذج التنمية في الصحراء المغربية,0
لقاء يحلل سرديات قضية الصحراء,0
"صواريخ ""ستينغر"" تعزز قدرات القوات المغربية ضد التهديدات الجوية",0
هنغاريا تدعم الحكم الذاتي بالصحراء,0
"مؤتمر ""العدالة والتنمية""يرفض دعوة أخنوش ولشكر.. و""حماس"" تحضر",0
"أوراق مؤتمر ""بيجيدي"" تتمسك بالمرجعية الإسلامية والصحراء وفلسطين",0
مكتب فرنسي للاتصال قريبا بالعيون,0
"كرواتيا: مبادرة الحكم الذاتي ""أساس متين""",0
مغربة إنتاج الخرائط البحرية تعزز الاستقلالية وتقوي سيادة الرباط على السواحل,0
الجزائر تفرج عن 23 معتقلا مغربيا,0
مسؤولة تعرف الرباط بالتجربة الفرنسية في تقييم العمل المنزلي للزوجة,0
"الإدارة الأمريكية توافق على بيع صواريخ ""ستينغر"" إلى الجيش المغربي",0
"دي ميستورا يراهن على ""زخم جديد"" لتخطي جمود قضية الصحراء المغربية",0
طه يشكر الملك على العناية بالقدس,0
"""رمال الصحراء"" تدفئ أوصال العلاقات الدبلوماسية بين المغرب وفرنسا",0
مولدافيا تدعم الحكم الذاتي بالصحراء,0
ولد الرشيد يستقبل ريني هيرنانديز,0
تمرين عسكري يجمع المغرب وباكستان,0
باريس والرباط تتحضّران لاجتماع رفيع,0
جلسة مجلس الأمن: خطوات نحو تهدئة إقليمية وإقرار بعجز البوليساريو عسكريا,0
فرنسا تؤكد مجددًا دعم مغربية الصحراء,0
"نقابة ""CDT"" تتفادى استبدال الزاير",0
تنفيذ أجندة التخريب الإيرانية يسائل تصنيف البوليساريو جماعة إرهابية,0
"""الغش والغلاء"" يغضبان المعارضة ..  ومزور يتوعد المتورطين بالمحاسبة",0
سغروشني توقع اتفاقيات للارتقاء بالأمازيغية وتكنولوجيات السفر والرياضة,0
المغرب يرحب ببرلمانيين من زامبيا,0
زيدان يكشف تمويل مشاريع بالقرى,0
العلمي يلتقي بوفد من الرأس الأخضر,0
روتايو يشيد بتعاون فرنسا والمغرب,0
غلاء الأسماك ووضعية البحارة يحاصران الدرويش في مجلس النواب,0
الملك يهنئ رئيس الغابون المنتخب,0
بوريطة يقوم بزيارة عمل إلى فرنسا,0
خطابي يذكر بمجهود الجامعة العربية,0
الموقف الأمريكي من الصحراء المغربية يعرّي تناقضات الخطاب الجزائري,0
بنسعيد: مشاكل الشباب المغربي موروثة.. ومناظرة معرض الكتاب فرصة,0
"""تجاهل المقترحات"" يقلق برلمانيين",0
"المغرب يبحث الاستفادة من قطر في تدبير النقل الجوي خلال ""المونديال""",0
تصنيف أمريكي: المغرب ضمن أقوى 20 دولة في امتلاك الدبابات القتالية,0
"""النواب"" يدين تقتيل الشعب الفلسطيني واستمرار العدوان الإسرائيلي",0
التعاون المغربي الفرنسي يتطور نحو اتفاقيات شاملة في الأمن والهجرة,0
دي ميستورا أمام مجلس الأمن .. ملف الصحراء المغربية يدخل منعطفا حاسما,0
أثنار يثير جدلا سياسياً بمليلية المحتلة,0
"ضبط ""الاستغلال القانوني"" لسيارات الدولة يتطلب تفعيل آليات رقابية صارمة",0
"هل ينخرط ""دي ميستورا"" في الرؤية الأمريكية بدعم الحكم الذاتي في الصحراء؟",0
مبادرة الحكم الذاتي بالصحراء .. رؤية المغرب لحل النزاع تحقق دعما متزايدا,0
"بنعلي: لجنة التقصي ""ملاغة سياسية""",0
تقرير: الجزائر تزيد التوترات الإقليمية بإنشاء قاعدة جوية قرب المغرب,0
"الجزائر تستعين بـ""ميليشيات رقمية"" دولية لاستهداف مواقع حكومية مغربية",0
توقيع اتفاقيات بين المغرب وعُمان,0
"مناورات ""الأسد الإفريقي"" تكرّس التعاون الاستراتيجي بين المغرب وأمريكا",0
سلطنة عمان تدعم مغربية الصحراء,0
سكراتي ترأس الجمعية الدولية للقاضيات,0
"حقيقة ""الانتخابات المبكرة"" بالمغرب",0
الرقابة على دعم استيراد الماشية تفجر الخلافات بين المعارضة والأغلبية,0
"عشرات الجيوش تلبي دعوة المغرب وأمريكا للمشاركة في ""الأسد الإفريقي""",0
"دراسة تقارب استمرار ""المينورسو"" بالصحراء وتنادي بتطبيق الحكم الذاتي",0
"هل تستطيع ""القوة الناعمة"" التقليل من تداعيات الحروب والصراعات؟",0
ندوة ترصد مكانة القانون الدولي,0
"محللون: التنكيل بنشطاء ""البوليساريو"" يوسع دائرة الراغبين في العودة للمغرب",0
"استيراد المواشي ""يصادم"" الأغلبية والمعارضة خلال افتتاح الدورة الربيعية",0
مشروع لتصنيف البوليساريو منظمة إرهابية,0
ولد الرشيد: المراقبة البرلمانية للحكومة تتم وفق التوازن والتعاون بين السلط,0
العلمي يدعو إلى اليقظة والتصدي للأكاذيب المتعلقة بالوحدة الترابية للمملكة,0
حادثة مقتل شابين صحراويين بتندوف تفجر دعوات للانتفاضة ضد البوليساريو,0
"ربط سدين يختبر صلابة تحالف حزبي ""الاستقلال والتجمع الوطني للأحرار""",0
"أبرز الغائبين عن مؤتمر ""البيجيدي""",0
باحث أمريكي يرصد زيف شرعية البوليساريو في تمثيل ساكنة الصحراء,0
الخارجية الأمريكية لدي ميستورا: الحكم الذاتي الحل الوحيد لنزاع الصحراء,0
"""الأحرار"" يُنوّه بالموقف الأمريكي",0
مخيمات تندوف على صفيح ساخن .. مطالب بالحكم الذاتي والعودة للمغرب,0
بايتاس: آلية الرقابة شأن برلماني,0
تعاون مغربي فرنسي في مجال البحرية,0
الإدارة الأمريكية تستقبل دي ميستورا,0
"تصنيف ميليشيات ""البوليساريو"" جماعة إرهابية .. خطوة أمريكية تلوح في الأفق",0
"بايتاس: ""الهجمات السيبرانية"" فعل إجرامي .. وجهات معادية خلف التسريبات",0
سياسي أمريكي يرفض إرهاب تندوف,0
منشقون عن البوليساريو يدينون إقدام الجيش الجزائري على قتل صحراويين,0
المغرب والفلبين يثمنان تعاون البلدين,0
داتي تتباحث مع بنسعيد في فرنسا,0
"النظام العسكري المسيطر على الجزائر يغرق في قذارة ""لعبة الرهائن""",0
"""البام"" يشيد بالمكاسب الدبلوماسية",0
"المكتب السياسي للأحرار يتمسّك بـ""منجزات الحكومة"" ويشيد بـ""مجهودات الوزراء""",0
حزب سوري يشيد بموقف واشنطن,0
الخارجية تواكب مخاطر الأمن السيبراني,0
تجديد الاعتراف الأمريكي بمغربية الصحراء يقضي على آمال نظام الجزائر,0
"""برلمانيو الأحرار"": المسؤولية تقتضي دعم الأغلبية للحكومة في الدورة الربيعية",0
"""الكتاب"" يثمّن الدعم الأمريكي للصحراء",0
هجوم جزائري في تندوف يوقع ضحايا,0
الجزائر تعلق باحتشام على تأكيد أمريكا دعم الوحدة الترابية المغربية,0
مفوضة أوروبية تدعم شراكة المغرب,0
قادة أحزاب المعارضة يطالبون بإبعاد الفاسدين في الانتخابات المقبلة,0
انتخاب المغرب في الاتحاد البرلماني,0
"بوعياش: إحياء ذكرى الإبادة ""واجب""",0
"لشكر يُشهر ملتمس الرقابة.. وأوزين يُحرج نواب الاستقلال أمام ""الفراقشية""",0
أمريكا تجدد الاعتراف بمغربية الصحراء,0
مركز تفكير يتوقع استمرار التوازن في موقف نواكشوط من قضية الصحراء,0
وزير الداخلية يستقبل نظيره الغامبي,0
بوريطة يجري مباحثات في واشنطن,0
"""البودشيشية"" تفضح مخططا جزائريا",0
"ميليشيات البوليساريو تهاجم تقرير ""المينورسو"" قبيل جلسة مجلس الأمن",0
"شهيد يدعم تقصي ""استيراد المواشي""",0
صابري: الرؤية الملكية تؤازر الأفارقة,0
منشقون عن البوليساريو يطالبون دي ميستورا بالمشاركة في العملية السياسية,0
مطالب البوليساريو تعاكس المتغيرات الدولية في قضية الصحراء المغربية,0
"الزهراوي يرصد ملامح ""فشل"" المبعوث الأممي دي ميستورا في الصحراء",0
"ندوة دولية بالرباط تخلّد ""ستينيّة"" العلاقات بين المغرب والسنغال",0
"من المجزرة إلى المعجزة.. سفارة رواندا بالمغرب تحيي ذكرى إبادة ""التوتسي""",0
الجزائر في مواجهة عزلة إقليمية متزايدة بسبب التوترات مع دول الجوار,0
بنسعيد يؤكد أهمية حماية التراث اللامادي لمواجهة الاستهدافات الأجنبية,0
"المعارضة تطلق مبادرة للتحقيق في دعم المواشي .. و""الاتحاد"" يدرس الانضمام",0
بايتاس يؤطر مستشاري شؤون البرلمان,0
ولد الرشيد يدين كذب خصوم المغرب,0
"صرامة باريس تنتزع الرضوخ الجزائري ""للتقارب المشروط"" مع فرنسا",0
"""ريمالد"" تستعرض إصلاحات الملك",0
"برلمان المغرب يدعم ""إعلان طشقند""",0
تحضيرات مؤتمر البوليساريو تشعل صراع السيطرة على مخيمات تندوف,0
الرداد: الدبلوماسية الملكية مع التنمية,0
المغرب والبحرين يشيدان بالعلاقات,0
ولد الرشيد يلتقي كوشانوف بطشقند,0
عطاف يستقبل دي ميستورا بالجزائر,0
أكاديميون مغاربة وأمريكيون يثمنون قرار الكونغرس بشأن العلاقات الثنائية,0
"الكيان الوهمي يعيد ""تدوير الانفصال""",0
بريطانيا تدرس الاعتراف بمغربية الصحراء وسط دعم دولي للحكم الذاتي,0
تحذير أمريكي من مظاهرات بالرباط,0
"سياقات وطنية ودولية تفرض أجندة مؤتمر ""العدالة والتنمية"" المرتقب",0
"""لن أذهب إلى كانوسا"" .. بنطلحة يفضح تناقضات الخطاب الرسمي الجزائري",0
"هزائم متكررة أمام المغرب تدفع ""البوليساريو"" إلى تغيير ""وزير الخارجية""",0
يوم خطر الألغام يذكر بماضي الميليشيات الانفصالية في الصحراء المغربية,0
"""تلاعب في الأسمدة"" يزعج البواري",0
"مدريد تُغضب الانفصاليين بعد إغلاق أبواب ""تقرير المصير"" في الصحراء",0
"الترقب يرافق مستشاري ""البام"" بأصيلة",0
منتدى غرناطة يدعم التعاون الإقليمي,0
الجزائر تواصل حصد الخيبة في استغلال البوليساريو على الساحة الدولية,0
السكوري يروّج لجهود المغرب بجنيف,0
تبادل الخبرات بين الموثقين المغاربة والدوليين في لقاء مع وزير العدل,0
فرنسا تجدد الدعم الثابت لمغربية الصحراء في مواجهة التضليل الجزائري,0
"بعثة ""المينورسو"" مستمرة بالصحراء .. ومصدر أممي ينفي تسريح الموظفين",0
وفاة قيدوم البرلمانيين الحاج إبراهيم,0
مدونة الأسرة والمسطرة الجنائية .. قوانين مصيرية بالدورة البرلمانية الربيعية,0
الحركيون يطالبون بردود التهراوي,0
بارو: الحكم الذاتي واقعي بالصحراء,0
أخنوش يتابع تنزيل العقوبات البديلة,0
المغرب يدعم أمن الساحل الإفريقي بتدريب مظليي الجيش المالي,0
تعزيز الضمان الاجتماعي للأجراء,0
بايتاس: اتفاق التبادل الحر أساس الشراكة الاستراتيجية بين المغرب وأمريكا,0
إسبانيا تجدد تأييد مغربية الصحراء,0
رئيس موريتانيا يستقبل دي ميستورا,0
هونغبو يثمن اعتماد قانون الإضراب,0
المخابرات الجزائرية.. عرابة الإرهاب وصانعة الموت في قلب الساحل الإفريقي,0
ولد الرشيد يلتزم بالحوار جنوب ــ جنوب,0
دي ميستورا يحل بمخيمات تندوف,0
‬تنصيب بلكوش مندوبا وزاريا لحقوق الإنسان.. وهبي يطالب بدعم المؤسسة,0
اشرنان يبحث استعادة سبتة ومليلية,0
أبواق الجزائر والبوليساريو تنسب حطام طائرة مالية إلى القوات المغربية,0
موعد جلسة مغلقة لمناقشة نزاع الصحراء في مجلس الأمن الدولي,0
فرنسا تترأس مجلس الأمن الدولي .. ارتياح مغربي وإحباط للتخبط الجزائري,0
عدد شكايات المغاربة ضد الجماعات الترابية يسجل الارتفاع في السنة الجارية,0
"""لعبة الأرقام"" ترفع إيقاع السباق الانتخابي بين الاستقلاليين وحزب الأحرار",0
المغرب يجدد الدعم لاستقرار إفريقيا,0
"""البوليساريو"" توظف رسائل العيد لبث التفرقة بين دول المنطقة المغاربية",0
"هل تضعف ""الأنانية السياسية"" التنسيق بين أحزاب المعارضة البرلمانية؟",0
خادم الحرمين يهنئ الملك بالعيد,0
"""بيت مال القدس"" يوزع كسوة العيد",0
سلطان عمان يبعث تهنئة إلى الملك,0
ملك البحرين يتمنى الخير للمغاربة,0
الملك يتوصل بتهنئة عاهل الأردن,0
رئيس الإمارات يبارك العيد للملك,0
مسارات التعاون والتنمية تخدم الشراكة الاستراتيجية بين المغرب وإسبانيا,0
الملك يؤدي صلاة عيد الفطر بالرباط,0
الملك محمد السادس يصدر عفو العيد,0
"""التطبيع"" يعمق خلاف جماعة العدل والإحسان و""البيجيدي"" حول نصرة غزة",0
هل يغطي النظام الجزائري على سجن صنصال بطرد نائب القنصل المغربي؟,0
"السغروشني تكشف دعم ""البنود"" لإنشاء مركز ثانٍ للذكاء الاصطناعي بالمغرب",0
"تصنيف المغرب ""دولة آمنة"" يتصدر المفاوضات الحزبية حول الهجرة بألمانيا",0
باكستان تبعث بسفير جديد للمغرب,0
"الإقصاء من اجتماع وزراء الخارجية ببروكسيل ينتظر جبهة ""البوليساريو""",0
"المغرب يحصل على ""درون أكنجي""",0
"أنظمة الدفاع الجوي المغربية تستعين بأحدث صواريخ ""باتريوت"" الأمريكية",0
خلفيات تعيين الملك رئيسين جديدين لمجلسي التربية وحقوق الإنسان,0
"العلمي: ""ديون الضمان"" ملف مصطنع .. ولا علاقة لحزب الأحرار بـ""جود""",0
"خلافات تعمق مشاكل ""البام"" بأصيلة",0
"""الترحال السياسي"" يغري الزموري",0
"""البيجيدي"" يطالب بتأسيس ""المجلس الأعلى للرياضة"" والفصل عن الوزارات",0
الساسي يُقيم مشروع المسطرة الجنائية,0
"الطالبي العلمي: معطيات الوزير بركة عن استيراد الأغنام ""غير صحيحة""",0
الجامعي يأمل عدم سحب مشروع المسطرة الجنائية لمواجهة تطور الجريمة,0
أخنوش يجري اتصالات مع النقابات,0
استفزازات دبلوماسية خطيرة .. الجزائر تجر المغرب إلى المواجهة العسكرية,0
الحكومة تصغي لمعالم إصلاح التعليم .. وتوسع اختصاصات قطاع الاتصال,0
رابطة تدين طرد مدير قنصلية المغرب,0
بورقية وبوعياش وبلكوش .. الديوان الملكي يعلن عن تعيينات جديدة,0
"الفرق النيابية تراهن على ""النصوص التأسيسية"" في الدورة البرلمانية الربيعية",0
التهراوي: المجموعات الصحية تقوي الحكامة .. والراتب المتغير يحسن الأجر‎,0
الملك يرعى مبادرة بمسجد إثيوبي,0
"الملك محمد السادس يؤكد تبني استراتيجية تفعيل ""مؤسسات العقد الاجتماعي""",0
العلوي: المغرب مع التعلم مدى الحياة,0
الملك محمد السادس يترأس إحياء ليلة القدر ويحتفي بحفظة القرآن الكريم,0
تاريخ المغرب يفضح انتهاكات نظام الجزائر في قضية الكاتب صنصال,0
مدير إيسيسكو يستقبل السفير خطابي,0
"""التكتل الشعبي"" يناقش قضايا الوطن",0
الجزائر تطرد مدير قنصلية المغرب,0
"""كيب الغربية"" تسعى إلى دعم دونالد ترامب للانفصال عن جنوب إفريقيا",0
غيلان يخلف بن عيسى بجماعة أصيلة,0
جمعيات وأحزاب تترقب تمويلات رسمية لمشاريع تشجيع تمثيلية المغربيات,0
29 بالمائة من المغاربة يعتقدون بسعي المساعدات الأمريكية إلى النفوذ,0
ذكرى رحيل آيت إيدر.. انتقادات لازدواجية الخطاب الحقوقي بشأن الصحراء,0
المغرب يوسع نطاق مواجهة معاقل الإرهابيين في الساحل الإفريقي,0
"نصف قرن عن ""المسيرة الخضراء"".. معنينو يقترح مبادرات لائقة بالحدث",0
الكونغرس يحتفي بصداقة المغرب,0
"دول إفريقية تشيد بـ""المبادرة المغربية""",0
ميداوي يكشف تدابير بكليات الطب,0
موريتانيا تشيد بالعلاقات مع المغرب,0
ألباريس: المغرب يحترم قانون البحار,0
الملك محمد السادس يهنئ بنغلاديش,0
"الدعم الدولي للصحراء المغربية يضع دي ميستورا أمام ""المسؤولية الأممية""",0
المغرب يدعم إعادة إدماج النيجر وبوركينافاسو ومالي في الاتحاد الإفريقي,0
بنعلي تُبرز تجربة المغرب ببريطانيا,0
المغرب وإسبانيا يحققان تعاونا تاريخيا,0
شغور منصب السفير المغربي يعكس استمرار الأزمة بين الرباط وتونس,0
"سفارة أمريكا بالرباط تنبه ""الحراكَة""",0
المغرب يدين استغلال الجزائر السياسي لملف حقوق الإنسان بمجلس الأمن,0
القوات المسلحة المغربية تساهم في دليل جديد لعمليات حفظ السلام الأممية,0
الملك محمد السادس يهنئ اليونانيين,0
المعارضة تشكو دعاية حكومية .. ومصدر: حق مخاطبة الرأي العام,0
باحثون: تعيينات الملك ترسخ الكفاءة وحكامة المؤسسات الدستورية,0
المغرب يحتل المركز 102 عالميا في مشاركة النساء بالعمل التشريعي,0
المغرب وأمريكا .. من السلطان محمد الثالث إلى الملك محمد السادس,0
"وهبي: هوية المهاجرين الأفارقة تطرح إشكالات.. وتصوير الاستجواب ""صعب""",0
الرئيس الجزائري يتودد لفرنسا .. من حرب البلاغات إلى السعي نحو التهدئة,0
بوريطة يتباحث بالرباط مع دي ميستورا,0
اليوم الدولي للحقيقة يسلط الضوء على انتهاكات البوليساريو والدسائس الجزائرية,0
البيرو تؤكد مناصرة مغربية الصحراء,0
الملك محمد السادس يعين مسؤولين على رأس 3 مؤسسات دستورية,0
"المغرب وغانا يريدان ""إسقاط الفيزا""",0
الخياري يضيء عتمات المادة الثالثة من مشروع قانون المسطرة الجنائية‎,0
"أوزين يعتزم اللجوء إلى ""الهاكا""",0
النقابات تستعد لمواجهة القانون التنظيمي للإضراب بخطوات تصعيدية,0
الملك يهنئ باكستان بالعيد الوطني,0
"جنوب إفريقيا تختلق نقاشات بديلة بدعم البوليساريو لإخفاء ""الأبارتايد الجديد""",0
قرار المحكمة الدستورية بشأن قانون الإضراب .. من الخلاف إلى التوافق,0
"من ""الأبارتهايد"" إلى الإبادة.. ""أمنستي المغرب"" تناقش حقوق الإنسان بفلسطين",0
"هل يتجه ترامب إلى وقف تمويل بعثة ""المينورسو"" للصحراء المغربية؟",0
"مركز حقوقي يدين ""جرائم إسرائيل""",0
إحداث بنيات وتعيينات أمنية جديدة,0
الداخلية تتصدى لاستغلال الحافلات المدرسية في رحلات ترفيهية لأغراض انتخابية,0
مقترح قانون لمنع تضارب المصالح,0
تقرير يبرز تعويل أوروبا على المغرب في مكافحة تدفقات المهاجرين السريين,0
باحثون: المبادرة الأطلسية تعد باستغلال إمكانات الاقتصاد الأزرق بإفريقيا,0
المغرب يعزز النفوذ العسكري في إفريقيا عبر اتفاقيات شراكة جديدة,0
سفير مصر: القاهرة تدعم الوحدة الترابية للمغرب .. وفرص كبيرة بين البلدين,0
الجامعي يدعو البرلمان إلى حماية الحقوق في مشروع المسطرة الجنائية,0
"مصالح الداخلية تضرب طوقا من المراقبة على تحركات ""المنتخبين الرحل""",0
الفريق الحركي يطلب تقييم التشغيل,0
"نقابة: الحوار الاجتماعي ""غير ذي جدوى"".. و""لا تنازل عن حق الإضراب""",0
خبير يقارب تأثير المادة الثالثة من مشروع المسطرة الجنائية على الحريات,0
"الحكومة تستعد لمؤازرة ""الكسابة"" بعد منع ذبح إناث الأغنام والماعز",0
"وفد فرنسي رفيع المستوى يعقد مباحثات مع مسؤولي ""المينورسو"" بالعيون",0
تنسيق مغربي إسباني يوقف داعشيا,0
هذه تفاصيل أشغال مجلس الحكومة,0
المغرب يدعو إلى ذكاء اصطناعي أخلاقي,0
الحكومة ترفض منطق الانتقائية في الشراكة بين المغرب والاتحاد الأوروبي,0
تفاصيل لقاء “ساخن” لقادة الأغلبية بعد خطاب بركة المعارض للحكومة,0
المغرب يدين بشدة الهجوم الإسرائيلي على غزة ويطالب بوقف إطلاق النار,0
الاتحاد الإفريقي يكرس حصرية مجلس الأمن في ملف الصحراء المغربية,0
مثقفون: سياسات عمومية تنهي توارث الفقر.. والإيديولوجيا تدور حول الشمس,0
"هل يعتزم ""الاتحاد الاشتراكي"" العودة إلى الواجهة من بوابة ""انتقاد الغلاء""؟",0
"أكاديميون مغاربة يدافعون عن إيجابيات قانون ""الدفع بـعدم الدستورية""",0
"من دي ميستورا إلى نكاز.. مقترح ""تقسيم الصحراء"" يفضح الدور الجزائري",0
"وهبي: تجار مخدرات يطلبون ""الإفراج المقيد"".. وتسليم الأجانب قرار سياسي",0
أخنوش يترأس اجتماعا بشأن الحوز,0
"حزب ""الكتاب"" يرفض ""القفة الانتخابية""",0
"الصراع يشتعل حول خليفة بن عيسى في أصيلة و""الحصان"" ينتظر هدية",0
"وهبي يتمسك بمصطلح ""الأحداث"" عوض ""الأطفال"" في التشريع الجنائي",0
المغرب يدعم الدول في مرحلة الانتقال,0
"تطورات خلافات ""الدستوري"" بالشمال",0
"هل يقف ""السباق الانتخابي"" وراء عدم تفعيل مجموعة ""المغرب الأخضر""؟",0
"""فريق الكتاب"" يستعجل حضور لفتيت",0
البوليساريو تجرب الخطاب الحقوقي لاختراق المواقف الدولية حول الصحراء,0
الاتحاد الأفريقي يؤكد رؤية المغرب,0
لوديي يستقبل وزيرا من الكاميرون,0
"""العدالة والتنمية"" يستنكر حرب الإبادة",0
"هيئات مغربية تدعو إلى ملاحقة الجزائري ""رشيد نكاز"" بعد توقيفه بمراكش",0
مجلس الحكومة يتدارس مدونة السير,0
القرار الأمريكي بوقف المساعدات يفتح المجال لدور مغربي في الساحل,0
"الكونغرس البيروفي يحث الحكومة على دعم ""الحكم الذاتي"" في الصحراء",0
"بنعبد الله: ""الكتاب"" يؤازر ""ساكنة المحيط"" بلا أي خلفيات سياسوية",0
الملك يهنئ الوزير الأول الكندي,0
رئيس زامبيا يبعث رسالة إلى الملك,0
وزير خارجية البيرو السابق: سيادة المغرب على الصحراء غير قابلة للتفاوض,0
بريظ يقوم بزيارة عمل إلى السعودية,0
المغرب يسلم الجزائر جثمان مهاجر,0
مياه وادي كير .. المغرب يتجنب الرد على تفاهات النظام الجزائري,0
وفد برلماني نسائي يروج للمناصفة,0
"محللون: تصريحات وزير الداخلية الفرنسي ""إهانة غير مسبوقة"" لنظام الجزائر",0
"""الاشتراكي الموحد"" يطالب الرئيس السوري بتجنب ممارسات نظام الأسد",0
"نداء دولي يدين تجنيد ""أطفال تندوف""",0
"هل تفجر انتقادات ""الأصالة والمعاصرة"" الضمنية للحكومة ""أغلبية أخنوش""؟",0
"""المقاتلات الشبحية"" تشعل معركة الردع الجوي بين المغرب والجزائر",0
بوصوف يرصد تداعيات التوتر الدبلوماسي بين أمريكا وجنوب إفريقيا,0
‬فرحاوي يحاضر في السياسة الخارجية,0
"ورقة بحثية تنبّه إلى ""حالة عدم اليقين"" بعد الانتخابات التشريعية في ألمانيا",0
اجتماع طرابلس المغاربي يُطلق تحذيرات ليبية من الاصطفافات السياسية,0
"انطلاق لقاءات ميدانية لـ""جيل 2030""",0
أوريد يناقش تغيرات الساحة الدولية,0
"خبراء: المناورات العسكرية الإسبانية ""عين النسر"" لا تستهدف المغرب",0
المدور يدرُس النظام الداخلي للبرلمان,0
الحكومة تتفاعل مع 33% من الأسئلة الشفوية المطروحة بغرفتي البرلمان,0
منظمة العفو تفضح انتهاكات إسرائيل,0
هل تتملص أحزابٌ داخل الأغلبية الحكومية من مسؤولية غلاء الأسعار؟,0
فريق نيابي يطالب بحضور برادة,0
"هل يتخلى تنسيق المعارضة بمجلس النواب عن خيار ""الندوة المشتركة""؟",0
تنفيذ وتمويل وإشادة.. ورقة بحثية ترصد مكافحة القانون المغربي للإرهاب,0
خبراء: تحديات تواجه استخدام الأحزاب للذكاء الاصطناعي في الانتخابات,0
"الزهراوي يقتفي سياقات تحول ""تونس قيس سعيد"" إلى ""صوت للجزائر""",0
وزير العدل: مدّ سياسي يسعى إلى هدم مشروع قانون المسطرة الجنائية,0
"""سيديتي"" تغادر جبهة لدعم فلسطين",0
فرق الأغلبية تسندُ ظهر الحكومة بالدعم السياسي لإخراج المسطرة الجنائية,0
الحكومة تُتابع الحصيلة مع البرلمان,0
بايتاس: تصدير زيت الزيتون المغربي إلى الخارج مقتصر على نوع معين,0
الملك يتمنى الشفاء العاجل للبابا,0
الهباش: الشعب الفلسطيني يعتز بمواقف الملك محمد السادس تجاه القضية,0
"قرار: ""قانون الإضراب"" دستوري",0
"قيوح: نقل الأشخاص باعتماد ""التطبيقات الذكية"" يخالف القوانين المغربية",0
"""التعاون القضائي"" يسهل إجراءات تسليم المجرمين بين المغرب وفرنسا",0
الشراكة الثنائية تقود إلى ارتفاع تدفقات الأسلحة من مدريد إلى الرباط,0
تعيينات في مناصب المسؤولية بالأمن,0
دبلوماسية حقوق الإنسان تعزز حضور المغرب في المؤسسات الدولية,0
تقرير استراتيجي يرصد أبعاد وتطورات الحرب بين المغرب والجزائر,0
مباحثات مغربية أذربيجانية في الرباط,0
"وهبي: المال العام ""ماشي سايب"" .. والمزايدات تسيء إلى الديمقراطية",0
"""البام"" يحدد شروط نجاح خطة الشغل",0
"""جيل 2030"" و""سنة التطوع"" .. تسخينات انتخابية أم مبادرات سياسية؟",0
"من جنيف.. منظمة إفريقية تنتفض ضد ""مافيا المساعدات"" في تندوف",0
"آيت يدر بعيون أكاديميين وسياسيين.. مهندس تنظيمي و""مؤمن بالديمقراطية""",0
الكرجي تستعرض تمكين المغربيات,0
"بوصوف يبرز نجاح ""المحاكمة الشعبية"" في كشف زيف ""الطابور السادس""",0
"أخنوش يوصي بالفعالية في ""الصحة""‬",0
الملك يترحم على جده محمد الخامس‎,0
"وهبي: جمعيات تبتزّ باسم محاربة الفساد .. و""أُقسم بالله أنني لنْ أقبل أي تعديل""",0
"ديباجة مشروع المسطرة الجنائية تثير الجدل .. وهبي: ""ليست مهمّة دينية""",0
مسؤولون يترحمون على محمد الخامس .. باني الأمة ومُضَحٍّ للاستقلال,0
"""بيرقدار-أقنجي"" تحلق 100 ألف ساعة .. وخبراء: إضافة للقوات المغربية",0
"الحركة الشعبية تطالب بـ""مهمتين استطلاعيتين"" لأسعار اللحوم الحمراء والسمك",0
هذه أسباب محاولات برلمانيين ونشطاء أوروبيين زيارة الصحراء المغربية,0
"اليسار ينتقد عمليات الهدم بالرباط ويطالب السلطات بـ""احترام القوانين""",0
"جدل ""التسخينات الانتخابية"" يحضر في اجتماع لجنة المالية بمجلس النواب",0
المغرب والجزائر يخفضان واردات السلاح في إفريقيا بنسبة 44 بالمائة,0
مباحثات تجمع الداكي بجيرالد دارمانان,0
لقاء عبد النباوي ووزير العدل الفرنسي,0
المغرب وفرنسا يعززان التعاون في مكافحة الإرهاب والجريمة المنظمة,0
"المعارضة تؤجل لقاء ""لجنة المالية""",0
المغرب يحيي ذكرى محمد الخامس,0
"اجتماع ""لجنة المالية"" يشعل غضب مكونات المعارضة في مجلس النواب",0
"""معارضو بنكيران"" يتكتمون على تحضيرات المشاركة في ""مؤتمر البيجيدي""",0
التوترات بين أوروبا والولايات المتحدة الأمريكية تختبر الدبلوماسية المغربية,0
"الشروع في الاشتغال الميداني الجماعي ينتظر حسم قيادات ""التكتل الشعبي""",0
المناورات العسكرية بين المغرب وفرنسا تثير ازدواجية المواقف الجزائرية,0
هل تستطيع المرأة الوصول إلى رئاسة الحكومة المغربية في المستقبل؟,0
أموال تهدد نزاهة الاتحاد الإفريقي,0
التعاون الخفي بين الإرهابيين يهدد سلامة الشعوب بمنطقة شمال إفريقيا,0
ندوة تبرز الإنجازات في الصحراء,0
مدريد تتجاهل ترحيل نواب أوروبيين,0
‬مباحثات بوريطة والشيباني تفتح صفحة جديدة بين المغرب وسوريا,0
"بنطلحة يكتب: ""رياح الشركي"" تهب من الصحراء على ""بلاد القوة الضاربة""",0
لقاء بن ملوك وسفير مصر بالرباط,0
ترامب يعين سفيرا جديدا بالمغرب,0
"""البيجيدي"" يواصل الإعداد للمؤتمر الوطني بتحضير ""الوثائق التنظيمية""",0
بوقنطار يتساءل: هل يقلب الرئيس الأمريكي ترامب موازين النظام الدولي؟,0
"تنديد الجزائر بمناورات ""شرقي"" .. نظام العسكر يغرق في الخطاب العدائي",0
المغرب يحتضن أول مكتب للاهاي,0
تقرير النيابة العامة: تحسن الأداء القضائي وسط تحديات الموارد البشرية,0
بقع مجانية لبعض القدماء العسكريين,0
المرأة والمناصب العليا بالوظيفة العمومية: 209 من أصل 1463 مسؤولًا,0
مباحثات تجمع بوريطة بنظيره السوري,0
"بنعلي تغيب عن اجتماعات الهيدروجين الأخضر في ظل تفاقم خسائر ""نور 3""",0
"""جيل 2030"" في الأصالة والمعاصرة .. طموح التشبيب يعاكس واقع العزوف",0
الشراكة بين المغرب والسعودية .. تنمية اقتصادية ومواقف سياسية ثابتة,0
زنيبر: المغرب يعزز حوار الأديان,0
"عسكريون أمريكيون: تزود المغرب بمروحيات ""الأباتشي"" يردع الإرهاب",0
مجلس التعاون الخليجي: الملك محمد السادس يقوي مصداقية المغرب,0
بوريطة: شراكة المغرب والخليج راسخة .. والتعاون الاقتصادي رافعة أساسية,0
"""العقرب ثنائي الذيل"" .. المغرب يعزز القدرات الهجومية بمُسيرة صينية",0
بايتاس: المنتجات الغذائية الأساسية تخضع لمراقبة دورية خلال رمضان,0
إيرلندا تدعم جهود المبعوث الأممي,0
الملك يهنئ رئيس غانا بالعيد الوطني,0
السنغال ينتبه إلى سجناء في المغرب,0
"توصل الجيش المغربي بمروحيات ""الأباتشي"" يخنق ميليشيات البوليساريو",0
محللون: القمة العربية تؤكد ثبات موقف المغرب بخصوص القضية الفلسطينية,0
التعاون الثنائي بين المغرب وألبانيا يستشرف تنشيط الدبلوماسية البرلمانية,0
تجنيد الأطفال في مخيمات تندوف يسائل نجاعة تحركات المنتظم الدولي,0
"""الشعب الصحراوي"" .. اختراع فرانكو يغري اليسار الراديكالي الإسباني",0
دي ميستورا يبحث تطورات قضية الصحراء المغربية مع خارجية سلوفينيا,0
"خطابي: ""قمة فلسطين"" ضد التهجير",0
السعودية تشيد بجهود الملك محمد السادس في إفريقيا والقضية الفلسطينية,0
"انطلاق ""بناء الجسور بين المذاهب""",0
قضية الصحراء المغربية تراهن على مكاسب إضافية في أمريكا اللاتينية,0
"""الكتاب"" يشيد بعدم ذبح الأضاحي",0
استقبال الدفعة الأولى من الأباتشي,0
"التعاون القضائي المغربي الإسباني يعزز حسن تنظيم ""مونديال 2030""",0
"رئيس مجلس المنافسة يتجاهل ""سخرية"" أوزين ويرفضُ ""المناوشات السياسية""",0
"المغرب يدخل نادي النخبة العسكرية بمروحيات ""أباتشي"" الأمريكية المتطورة",0
بوريطة يوضح بشأن مستقبل قطاع غزة,0
"أوزين ينتقد ""غياب تسقيف المحروقات"" وينعت مجلس المنافسة بـ""المقاعسة""",0
"""البام"" يطلق ""جيل 2030"" لدمج الشباب في السياسة قبل ""المونديال""",0
"أوزين: ""الهمزة"" تتربص بالسياسة .. و""المغرب الأخضر"" بلا نحر لن يُنسى",0
تعاون قضائي بين المغرب وإسبانيا,0
القمة العربية تثمن دور لجنة القدس,0
"""المؤتمر العربي"" يرفض تهجير غزة",0
‪أسعار بيع الأسماك تحاصر الدريوش‬,0
لقاءات بوريطة على هامش القمة,0
تقرير: الجزائر تزيد الإنفاق العسكري لتحويل الأنظار عن الإحباط الاقتصادي,0
فعاليات بالقدس تشيد بمبادرات الملك,0
"ألباريس: المغرب ""شريك إستراتيجي""",0
وكالة بيت مال القدس توزع أغذية,0
"السويني يستعرض دروس ""مول الحوت"" في السياسة والاقتصاد والمجتمع",0
"""البام والسنبلة"" يساندان مطلب تقييم ورش التغطية الصحية في المغرب",0
تقرير أمريكي: المنظومة القانونية المغربية تعزز حماية العمال المنزليين,0
منشقون عن جبهة البوليساريو يدعون إلى إنهاء المعاناة في مخيمات تندوف,0
ولد الرشيد يشيد بالموقف الألباني,0
مباحثات العلمي ووزير خارجية ألبانيا,0
40 دولة تجدد دعم مغربية الصحراء,0
أقوى مروحيات هجومية في العالم تصل إلى المغرب عبر ميناء طنجة,0
"بعد خمسة أشهر من الجمود .. ملف الصحراء يشهد تآكل دور ""دي ميستورا""",0
"إنهاء ""العمال الكردستاني"" للقتال يقصم ظهر المشروع الانفصالي للبوليساريو",0
تسابق أوروبي لتزويد المغرب بغواصات بحرية.. ألمانيا وفرنسا في الواجهة,0
"تهديدات الإرهاب في الساحل .. خلفيات استهداف تنظيم ""داعش"" للمغرب",0
من الكواليس إلى الواجهة .. ملف نزاع الصحراء يطيح بأقنعة النظام الجزائري,0
قادة الإمارات يهنئون الملك برمضان,0
الملك يهنئ زعماء الدول الإسلامية,0
ألبانيا تشيد بالمبادرة الأطلسية .. وتدعم تدبير المغرب لقضية الصحراء,0
المغرب وألبانيا يوقعان إعلانًا مشتركًا لتعزيز العلاقات الثنائية بين البلدين,0
مطالب بتقييم تعميم التغطية الصحية,0
الملك يهنئ رئاسة البوسنة والهرسك,0
قيود التأشيرات وترحيل المهاجرين.. دعم البوليساريو يضر بمصالح الجزائريين,0
"دراسة: الأحزاب تواصلت مع 18% من المغاربة ""مباشرة"" في الحملة الانتخابية",0
شكاية جديدة تعمق ورطة أبو الغالي,0
تعيينات جديدة تنعش آمال نقابيي الفلاحة والصيد في معالجة الاختلالات العميقة,0
المغرب يتسلم محتجزين من الجزائر,0
بركة يكسب دعوى ضد استقلاليين,0
"رائحة حملات انتخابية مبكرة تنبعث من ""بونات"" توزيع القفة الرمضانية",0
"الصابري يحفز ""الاتفاقيات الجماعية""",0
"أومليل: إسرائيل قاعدة لإبقاء ""تخلّف العرب"".. و""الطائفية"" تهدد لبنان",0
"ملتقى الصحراويين بلاس بالماس يبدد وهم ""التمثيلية الشرعية"" للبوليساريو",0
"موعد افتتاح ملاعب ""الكان"" والمونديال",0
"بايتاس: لقاءات تنهي ""خلافاتٍ تجارية"" مع مصر.. ومسافة تزنيت والداخلة تتقلص",0
"الملك يواصل التأهيل الوظيفي.. وإعادة النظر في ""أنشطة رمضان""",0
الحكومة تهتم بالخدمات المنقولة,0
الناطق الرسمي باسم الحكومة يثمن عدم إقامة شعيرة الذبح في عيد الأضحى,0
جاذبية الصحراء المغربية تزعج سفير النظام الجزائري المعتمد في السعودية,0
"المغرب يطبق القوانين الوطنية في مواجهة ""زيارات الابتزاز"" بالصحراء",0
إسبانيا تدرس تجنيس انفصاليين,0
"تقرير أممي يكشف تضرر جمعيات ومنظمات مغربية من ""تعليق منح أمريكية""",0
أحزاب سياسية تثمّن القرار الملكي بعدم قيام المغاربة بذبح أضاحي العيد,0
"""التشدد الأوروبي واللجنة الرابعة"".. خبراء يبسطون تحديات ملف الصحراء",0
أمير المؤمنين يهيب بالمغاربة عدم إقامة شعيرة ذبح أضحية العيد هذه السنة,0
"زيارة لارشي تستنفر ""نظام الجزائر""",0
الصابري يهنئ مخارق على ثقة UMT,0
جبهة القوى تشيد باليقظة الأمنية,0
مقترح تمويل أمريكي يهم المغرب,0
"أخنوش يكشف تفاصيل ""خارطة طريق حكومية"" لتعزيز التشغيل في المغرب",0
مدافعون عن البيئة يرفضون شحن نفايات الاتحاد الأوروبي إلى المغرب,0
قنصلية فرنسية بالصحراء .. امتصاص لغضب الجزائر أم منافسة لواشنطن؟,0
برامج إعادة الإسكان تربك مخططات انتخابية لكبار المرشحين في المغرب,0
"بوصوف يتابع ""لعبة الدومينو"" بالصحراء.. اعترافات وزيارات وفتح قنصليات",0
العلمي: قيم تجمع المغرب والمكسيك,0
"""مجلس جنيف"".. المغرب يلتزم بتعزيز التعاون الدولي في مجال حقوق الإنسان",0
اتفاقات تعاون تتوج محادثات مجلس الشيوخ الفرنسي بالأقاليم الجنوبية,0
"المغرب يتجنب ""التصادمات الأممية"" حول الحرب بين روسيا وأوكرانيا",0
بوريطة ومونتيرو يبحثان التعاون,0
رئيس الغابون يقوم بزيارة الرباط,0
المغرب يبرز تحولات التعامل مع الإعدام في مجلس حقوق الإنسان بجنيف,0
الملك يبعث تهنئة إلى أمير الكويت,0
لارشي يثمن التنمية في الصحراء,0
ولد الرشيد: فرنسا تظهر الفهم العميق لحقيقة الوضع في الصحراء المغربية,0
لارشي يؤكد رغبة فرنسا في تعزيز الحضور القنصلي بالصحراء المغربية,0
ولد الرشيد يثمن الشراكة مع باريس,0
أخنوش يستقبل لارشير بالرباط,0
الملك يهنئ رئيس جمهورية إستونيا,0
"رئيس ""الشيوخ الفرنسي"" يجدد دعم مغربية الصحراء ويشيد بمبادرة الأطلسي",0
"وزير العدل يؤكد في ""مجلس جنيف"" التزام المغرب بتعزيز حقوق الإنسان",0
موقف إسبانيا من قضية الصحراء المغربية يُحبط المناورات الجزائرية,0
نواب الصحراء المغربية يدينون الأجندة التحريضية لبرلمانيين أوروبيين,0
وفد برلماني فرنسي يزور العيون,0
الملك يشيد بعلاقات المغرب واليابان,0
"""الأحرار"" ينتقدون معزوز بالبيضاء",0
المخارق يقود الـ UMT لولاية رابعة,0
النقاشات حول إصلاح منظومة العدالة .. التوافق فضيلة والتقديرات مختلفة,0
"بنطلحة يفضح لعب النظام الجزائري بالقبعات و""التزحلق فوق الكلمات""",0
"""قيادات الأحرار"" تثمّن حصيلة الحكومة ونجاحات الدبلوماسية في ملف الصحراء",0
ذكرى وفاة آيت إيدر تحيي آمال تشكيل جبهة يسارية موحدة بالمغرب,0
فارس يكرم سفير الأرجنتين السابق,0
"""المثقفون الاتحاديون"" يتدارسون الارتقاء بالمشروع الديمقراطي التنموي",0
نقاشات خبراء تستعجل إحداث منتدى فكري من أجل الحوار المغاربي,0
"أخنوش وبايرو يثمنان ""التحول الكبير"" في العلاقات الثنائية المغربية الفرنسية",0
سفير ألمانيا يوشح مكور في طنجة,0
الملك يبارك يوم التأسيس السعودي,0
"تأخر تفعيل مؤسسات استشارية دستورية يثير تساؤلات حول ""هدر الزمن""",0
مركز أمريكي يتوقع تسريع حل نزاع الصحراء في ولاية ترامب الثانية,0
"باحثون موريتانيون في ""وكالة القدس""",0
موخاريق: الوضع بالمغرب مطبوع بالاختناق.. ومستعدون لإضراب جديد,0
"""الفوبريل"" يدعم حل نزاع الصحراء",0
"""نقابة موخاريق"" تطلق شعارات ضد قانون الإضراب والتطبيع مع إسرائيل",0
ولد الرشيد يجري مباحثات بالهندوراس,0
"تصريحات وهبي تغضب ""نادي القضاة""",0
مرصد بالمكسيك يدعم مغربية الصحراء,0
ولد الرشيد يعزز التعاون من الهندوراس,0
"المحكمة الإدارية بالرباط ترفض التصريح بتأسيس ""حزب التجديد والتقدم""",0
بريطانيا تعيّن سفيرا جديدا بالمغرب,0
مؤشر القوة الناعمة: المغرب يحتفظ بمركزه الـ 50 عالمياً والجزائر تتراجع,0
وهبي يترأس وفد المغرب إلى جنيف,0
حقوقيون مغاربة يدافعون عن المشاركة السياسية للأشخاص ذوي الإعاقات,0
"وهبي: ""الوشايات بلا أدلة"" تهدد الديمقراطية.. والقاضي منفذ لا مشرع",0
سلطات مدينة العيون ترفض دخول برلمانيين أوروبيين داعمين للبوليساريو,0
برلمانات إفريقيا ترفض الانفصال,0
مذكّرة تدعم التشغيل بجهة الشرق,0
"الوزير السكوري يلمح إلى قرب فتح الحكومة مشروع ""قانون النقابات""",0
وثيقة جديدة تؤجل ملف أبو الغالي,0
الحكومة تختبر الأسواق قبل رمضان,0
"تقارير: المغرب يقترب من الحصول على مقاتلة ""إف-35"" خلال ولاية ترامب",0
الناطق باسم الحكومة ينفي استثناء أي مواطن من الحماية الاجتماعية,0
مغاربة يدعون الجزائر إلى الاعتذار,0
العلمي: الإرهابيون والانفصاليون يحرمون الأفارقة من التقدم والازدهار,0
"لفتيت يعلن تعديلات ""مباراة القياد""",0
"بوريطة: السياسة الخارجية المغربية القارية تقوم على ""التفاؤل الإفريقي""",0
"بريظ يستقبل قائد بعثة ""المينورسو""",0
تجاهل الترحيل القسري للمغاربة يفضح تناقض الجزائر في الاتحاد الإفريقي,0
"""اليسار الجديد"" يأمل تصدر الاقتراع ويطالب بتعديل مدونة الانتخابات",0
المصباحي ينتقد تغييب التشارك في مسودة مشروع قانون المسطرة الجنائية,0
"بنكيران: التنافس المبكر يغذي طموح ""البيجيدي"" بتصدر انتخابات 2026",0
اختيار المغرب ضيف شرف معرضين بباريس يجسد تقدير فرنسا للمملكة,0
زيارة وزيرة الثقافة الفرنسية للصحراء تشعل بيانات الغضب بالجزائر وتندوف,0
"أخنوش يترأس اجتماعا بشأن ""الصحة""",0
جبهة الإنقاذ السورية تحذر الجزائر,0
"""الكتاب"" ينبه إلى حاجيات رمضان",0
"جودار: ""الحصان"" يعرف دينامية تنظيمية ولن يفرط في ""مناضلي الشمال""",0
"المعارضة النيابية تتمسك بإبقاء ""التنسيق الرباعي"" في مواجهة الحكومة",0
"""قيادة الاستقلال"" تتحرك بالبيضاء",0
التهديدات في الساحل الإفريقي تقوي التعاون العسكري بين المغرب ومالي,0
زيارة وزيرة الثقافة الفرنسية للصحراء المغربية تربك الدبلوماسية الجزائرية,0
"تحديات ترهن مستقبل ""البيجيدي"" السياسي والانتخابي بعد ""مؤتمر أبريل""",0
في ذكرى معاهدة مراكش.. لكريني يستعرض معوقات بناء الاتحاد المغاربي,0
"يساريون: ""تعديل مدونة الأسرة"" يكشف مزايا دسترة ""إمارة المؤمنين""",0
"هل تحتاج الدبلوماسية المغربية إلى بذل ""جهد أكبر"" في القارة الإفريقية؟",0
الملك يؤكد دعم محمود علي يوسف,0
المغرب وفرنسا يعززان الشراكة الثقافية بتوقيع اتفاقيات جديدة بالرباط,0
الملك محمد السادس يهنئ غامبيا,0
تحولات تطال الهجرة بقارة إفريقيا,0
المغرب ينجح في إبعاد ملف الصحراء عن أجندة قادة الاتحاد الإفريقي,0
مسار الراحل محمد بنسعيد آيت إيدر .. نضال الحرية والعدالة والاستقلال,0
"""السعار الجزائري"" ضد المملكة يزيد تمسك المغاربة بالمؤسسات الدستورية",0
مباحثات قضائية بين المغرب والسنغال,0
الدعاية الإيرانية تقحم المغرب في سيناريوهات وهمية لتهجير الفلسطينيين,0
انتخاب المغرب في رئاسة لجنة حقوقية,0
العلمي: العناية الملكية ترتقي بالحماية الاجتماعية إلى مكانة استراتيجية,0
الشامي: كلفة العلاجات في المصحات تتضاعف 5 مرات مقارنة بالمستشفيات,0
أخنوش: الورش الإصلاحي للحماية الاجتماعية يحسن ظروف عيش المغاربة,0
تجمعيات: المدونة تعزز تماسك الأسر,0
الدبلوماسية المغربية في الاتحاد الإفريقي تفضح أحقاد النظام الجزائري,0
ولد الرشيد: التفكير الجماعي قادر على تعزيز منظومة الحماية الاجتماعية,0
ابن حساين: الانحطاط يزيد بالجزائر,0
الذكرى 14 للثورة الليبية .. المغرب يواصل تشجيع مسار إرساء الاستقرار,0
دراسة تسلط الضوء على أداء المبعوثين الأمميين إلى الصحراء المغربية,0
سياسة ترامب بمنطقة الشرق الأوسط .. وهم الاستقرار وحتمية الاضطراب,0
فرحة استعمارية وثغرات بروتوكولية ترافق الجزائر في المفوضية الإفريقية,0
المغرب يدعم إصلاح الاتحاد الإفريقي,0
"بروباغندا اليأس بالجزائر .. ""النظام الكذاب"" يرفع جرعة استهداف المغرب",0
توشيح حموشي بوسام نايف للأمن العربي,0
المغرب يؤكد الالتزام بحسن الجوار,0
البرازيل تقر اتفاقية تعاون مع المغرب,0
أحزاب ومؤسسات تطلق شخصيات افتراضية .. إشادات واعتراضات,0
مؤتمر حول التنمية بالمغرب وموريتانيا,0
"الجباري: مشروع قانون ""المسطرة الجنائية"" يتعارض مع مبادئ دستورية",0
حكاية جحا والحمار.. إعلام الجزائر يتورط في الكذب المفضوح ضد المملكة,0
آيت ميك ينادي بالتضامن الدولي,0
مركز تفكير بريطاني: مبادرات المغرب تساهم في مواجهة التهديدات بالساحل,0
داتي تلتقي فاعلين ثقافيين في الرباط,0
لوائح الغرف المهنية‬ تنتظر الطعون,0
لجان لوائح الانتخاب تعلن التعديلات,0
تحركات سياسية بطنجة تنذر بمفاجآت في ترشيحات الأحزاب لانتخابات 2026,0
المغرب يشارك في اجتماع بأديس أبابا,0
"""الحركة"" تحذر من تداعيات اجتماعية",0
الكونغرس الكولومبي يدعم المغرب,0
"الجزائر تلجأ إلى سياسة ""الابتزاز وشراء الأصوات"" بعد الفيتو الإفريقي",0
ندوة تنظر إلى السياسات التنموية المغربية على ضوء نتائج الإحصاء العام,0
"صفحات ""نبل السياسة"" تستعرض مسار القيادي اليساري إسماعيل العلوي",0
بنسعيد يجري مباحثات بمدينة جدة,0
ولد الرشيد يستقبل رئيس البارلاتينو,0
بايتاس: تخصيص 14 مليار درهم للتشغيل سابقة.. والإيرادات الضريبية ترتفع,0
تعيينات في مناصب حكومية عليا,0
وزير الفلاحة: قطيع المواشي يشهد تراجعا كبيرا .. وأسعار اللحوم مستقرة,0
وفد عسكري إفريقي يزور المغرب,0
بكلفة 14 مليار درهم.. هذه تفاصيل الخطة الحكومية لإنعاش التشغيل,0
بنسعيد يبرز دعم الملك لفلسطين,0
"""سوريا الجديدة"" تكشف تهور النظام الجزائري وحكمة الموقف المغربي",0
"التصريح الإجباري بممتلكات الموظفين والأعوان يربك ""أغنياء الجماعات""",0
إحباط التهريب الدولي للمخدرات في الكركرات .. يقظة عالية وأهمية متزايدة,0
"اللمتوني يبسط إجراءات عملية لتخطي سلبيات ""نزع الملكية"" في المغرب",0
"وهبي يعد بمحاسبة ""جمعيات ثرية""",0
الوكيل القضائي للمملكة: المنازعات ضد الدولة تستنزف المال العام,0
"وهبي يتهم بنكيران باقتراف ""أفعال إجرامية تحت طائلة القانون الجنائي""",0
الجزائر تفشل في الحصول على مقعد بمجلس السلم والأمن الإفريقي,0
"وزير العدل يؤازر حقوق المعارضة في ""الانتقاد المطلق"" للجهاز الحكومي",0
هاغسيت يتعهد بدحر الإرهاب بإفريقيا,0
"""بيجيدي"" يتهم جهات بتعطيل لجنة المخطط الأخضر.. و""الأحرار"" ينتقد ""الكذب""",0
وزير الحج السعودي يكشف جهود تحسين الخدمات للمعتمرين المغاربة,0
بريظ وبراون يشيدان بالتعاون العسكري,0
بدء المجلس التنفيذي للاتحاد الإفريقي,0
الحكومة تأذن بإنشاء مركز لصيانة وإصلاح طائرات القوات المسلحة,0
مستشارون يستفسرون عن ضمان استفادة المغاربة من الثروات السمكية,0
"""المونديال"" يحفز إرساء منظومة قانونية وتنظيمية متكاملة في المغرب",0
العلمي يتمنى نظر المحكمة الدستورية في الانسحاب من الجلسة التشريعية,0
"ولد الرشيد يثمن ""الحصيلة الخريفية"" .. ويتمسك بتقوية الدبلوماسية البرلمانية",0
"المعارضة تنتقد تدبير الحكومة لمنظومة الاستثمار و""فشل الدعم الفلاحي""",0
"العلمي: حصيلة الدورة الخريفية غنية.. ولجنة ""المخطط الأخضر"" تنطلق قريبا",0
"المغرب يخسر نقطة في مكافحة الفساد .. وجمعية ""ترانسبرانسي"" تتأسف",0
وزير الحج السعودي يشيد بالمغرب,0
"""أغلبية النواب"" تشيد بمعالجة أزمة المياه وتطلب ""مسحا للصحة العقلية""",0
إفراج إسرائيل عن أموال فلسطينية .. إشادة واسعة بالمبادرة الملكية,0
"وزارة الداخلية تطالب الجماعات الترابية بالبحث عن ""مليارات منسية""",0
بنعبد الله والاتحاديون على صفيح ساخن .. تطلعات حكومية وتشنجات بينية,0
الدبلوماسية تثمن الفرص الاقتصادية الواعدة في العلاقات العراقية المغربية,0
"""المقاربة الأحادية"" تغضب نقابيين من تنزيل الهيكلة المركزية بوزارة الصحة",0
"ميداوي: المنح الجامعية تحتاج تعبئة جهوية .. و""معادلة الشواهد"" محددة",0
"أوزين: حزب الحركة الشعبية يرفض التشريع من أجل ""المواقع العابرة""",0
بايتاس يعلن اقتراب توسيع الاستفادة من برامج رفع القدرات الجمعوية,0
وهبي: الابتزاز الإلكتروني ليس حرية تعبير.. والربح السريع يحرك السب,0
الحكومة تتدارس أخطار مهنيي الصحة,0
"وزير الشؤون الإسلامية يُحمل المغاربة مسؤولية الإقبال على ""بضاعات دينية""",0
محادثات لفتيت ووزير داخلية إسبانيا,0
الغرفة الثانية تقر مدونة الأدوية,0
"فريق ""الأحرار"" يتولّى الدفاع عن الوزيرة بنعلي أمام مجلس الحسابات",0
فلسطين تشكر الملك محمد السادس,0
أكاديميون مغاربة يبادرون إلى التواصل بشأن المشاركة السياسية الشبابية,0
"الخارجية الجزائرية تحاول إحباط التقارب بين المغرب و""سوريا الجديدة""",0
نواب الفريق الاشتراكي يتقدمون بمقترح قانون لتقوية حماية المستهلك,0
"وزير الداخلية يؤكد صرف 90% من دعم جبر أضرار ""فيضانات شتنبر""",0
"قانون الإضراب يقسم ""التكتل الشعبي"" في أول اختبار للتحالف الحزبي",0
تمرير قانون الإضراب يضع مستقبل علاقة الحكومة والنقابات على المحك,0
"""جبهة القوى"" يتابع أوراش المونديال",0
"""الدخان والمرايا"" .. الدكالي يُعري تناقضات خطاب تبون بشأن إسرائيل",0
حمدان: المقاومة الفلسطينية تهزم الكيان الصهيوني.. والعالم سينهار,0
"نقابة تستنكر ""تزييف أرقام الإضراب""",0
"قيادات ""حزب الأحرار"" تستحضر ""الحاجة المجتمعية"" لمراجعة مدونة الأسرة",0
مكتب الاتصال الإسرائيلي بالرباط: تهجير سكان غزة إلى المغرب مجرد شائعة,0
"موخاريق يتهم الحكومة بـ""تزييف نسب المشاركة"" في الإضراب العام",0
"بوريطة: المغرب والعراق يحتاجان إلى ""منتدى بحث التعاون الاقتصادي""",0
المغرب والعراق يجددان التأكيد على رفض التهجير من الأراضي الفلسطينية,0
واقع التواصل الحكومي في المغرب .. استطلاع مطلوب وارتجال مرفوض,0
"مجلس النواب يتولى طلب تحيين ""رأي بوعياش"" في المسطرة الجنائية",0
أطروحة ترصد تواصل الحكومة بالأزمات,0
دراسة ترصد تقاطعات التشريع الدستوري والوضع الحقوقي في المغرب,0
لقاء بالبيضاء يتناول كفاح آيت إيدر,0
برلمانات إفريقية تعدد أدوار المبادرة الأطلسية في تحقيق الاندماج القاري,0
مجلس النواب يختتم الدورة الثلاثاء,0
غياب 291 نائبا خلال جلسة تشريعية يثير انقسام الأغلبية والمعارضة,0
مقترح قانون يروم تحسين تطبيق قانون الحصول على المعلومات بالمغرب,0
"الزهراوي: خبر إمكانية استقبال المغرب للفلسطينيين المهجرين ""شائعات مضللة""",0
"تصريحات العلمي تغضب ""UMT""",0
"مجلس الحكومة يقر ""تعيينات عليا""",0
الأغلبية بمجلس النواب تثمن التعاون,0
الطالبي العلمي: المبادرة الملكية الأطلسية فرصة تاريخية للتنمية الإفريقية,0
"التهراوي يكشف وضعية ""بوحمرون""",0
"بايتاس: المغرب يوفر ""لقاح العمرة"".. وعائد ضريبة الدخل يصل 435 درهما",0
"نقابات ""الإضراب العام"" تتوعد الحكومة بالإعلان عن احتجاجات إضافية",0
"المغرب يدعو إلى إرساء آليات تعاون ناجعة بين ""الدول الإفريقية الأطلسية""",0
أجانب يساندون الإضراب بالمغرب,0
"صدى قرار ترامب ""يُربك"" برامج الوكالة الأمريكية للتنمية الدولية بالمغرب",0
"هذه مؤشرات ""اندحار"" أساليب إقناع الجزائر بأطروحة جبهة البوليساريو",0
"أول اختبار طيران يقرب المغرب من نظام الحرب الإلكترونية ""Viper Shield""",0
السكوري: جرمنا طرد وتنقيل المضربين .. والإضراب العام من حق النقابات,0
جبهة الإنقاذ في سوريا تطالب الشرع بقطع العلاقات مع جبهة البوليسايو,0
‪ في إشارة إلى الجزائر .. بنسعيد: قانون حماية التراث يصدّ محاولات السرقة,0
مجلس النواب يقر قانون حماية التراث,0
"الفيدرالية الديمقراطية للشغل: نجاح الدعوة إلى الإضراب العام ""أمر صعب""",0
مورو: المشاريع المغربية ترفع تحدي التنمية في وجه التغيرات المناخية,0
السكوري: قانون الإضراب مع الحق,0
بموافقة 84 برلمانيا ومعارضة 20 .. النواب يصادقون على قانون الإضراب,0
"""التسخينات الانتخابية"" تنعكس على تعاطي البرلمانيين مع أعضاء الحكومة",0
"""الداخلية"" تعرض تحسينات جزئية على النظام الأساسي لموظفي الجماعات",0
"أخنوش: إخراج قانون الإضراب ""لحظة تاريخية"".. والتشغيل يتصدر الأولويات",0
"""معارضة المستشارين"" تنتقد ""تعثر الحكومة في تنزيل الحماية الاجتماعية""",0
"""التقدم والاشتراكية"" يدعم الإضراب العام",0
"""أغلبية المستشارين"" تشيد بإصلاحات الحكومة وتعزيز المكانة الدولية للمملكة",0
سياسي برازيلي من أصول مغربية يهودية يعود لرئاسة مجلس الشيوخ,0
العلمي: الانسحاب من التصويت على قانون الإضراب خيانة للسيادة الوطنية,0
"""زلزال سياسي"" يهدد الاتحاد الدستوري",0
لجنة نيابية تصادق على قانون الإضراب,0
أخنوش: نجاعة التدبير تُحسّن المؤشرات.. وأرقام البطالة تحتاج قراءة موضوعية,0
المغرب يساهم بأكثر من مليوني دولار في ميزانية الأمم المتحدة 2025,0
تعاون قضائي يجمع المغرب والكويت,0
الملك يهنئ الشرع بتوليه رئاسة سوريا,0
"المغرب يطلق منصة للخدمات الرقمية ويقترب من ""أنترنيت الجيل الخامس""",0
الملك يبارك عيد سريلانكا الوطني,0
"‬الجزائر تزعم ""رفض تسليح البوليساريو"" .. وخبراء: هروب من المسؤولية",0
"بنسعيد يرصد مساهمة ""جواز الشباب"" في معالجة إشكالية التشغيل",0
العلاقات المغربية الخليجية .. وشائج استراتيجية تواجه التهديدات الشيعية,0
"موخاريق: الحكومة تدعم ""الباطرونا""",0
"أغلبية مجلس المستشارين تنوه بـ""هدوء الحكومة"" في إخراج قانون الإضراب",0
معارضة مجلس المستشارين تحذر من تخريب التنسيقيات للعمل النقابي,0
"""المستشارين"" يقر مشروع قانون الإضراب",0
"""نقابة UMT"" توضح قرار الانسحاب",0
الملك يعزي في وفاة هورست كوهلر,0
رفض إضافة ديباجة لمشروع الإضراب,0
"نواب: ""غياب"" وزراء يعطل الرقابة",0
السكوري: الحكومة قبلت أغلب تعديلات النقابات على قانون الإضراب,0
"المستجدات تجمع ""شبيبة الأحرار""",0
"""UMT"" تحتج بمجلس المستشارين",0
عضوية الجزائر في مجلس الأمن الدولي .. هيبة مفقودة واستغلال للتمثيلية,0
"نقابة ""UMT"" تنادي بإضراب عام",0
الرئيس الجزائري يقيل وزير المالية,0
الدريسي: الحركة الشعبية ليست نقابة,0
"بيانات برلمانية تكشف ""تفوق النائبات"" خلال الدورة التشريعية السادسة",0
استمرار التقارب بين الرباط ونواكشوط يثير القلق وسط خصوم المغرب,0
"""قانون الإضراب"" يبرمج للتصويت",0
بنعبد الله يدين قرارات الإدارة السورية الجديدة ويرفض عقاب ترامب لكوبا,0
"""الاستقلال"" يبعث رسائل انتخابية من الصحراء.. وولد الرشيد يتوقع قيادة الحكومة",0
فرنسا تعوّل على الشراكة مع المغرب,0
"لجنة التعليم  تقر ""مشروع الإضراب""",0
الحكومة تقبل تعديلات بشأن الإضراب,0
وجوه جديدة تدخل إلى مجلس النواب,0
مبادرة تشريعية تحاصر التنافي وتمنع أعضاء دواوين من النشاط الحزبي,0
وزيرة خارجية ساو تومي تزور العيون,0
البيت الأبيض: ترامب يفي بأكبر الوعود,0
نقابة: خروقات في تمرير قانون الإضراب,0
"الحكومة تقبل تخفيض ""آجال الإضراب"" وتحتفظ بمبدأ ""الأجر مقابل العمل""",0
الملك محمد السادس يعزي ترامب,0
"السكوري يرفض ""الإضراب الفردي"" ويتمسك بتوصيف ""احتلال أماكن العمل""",0
توقيع اتفاقيات بين المغرب واليمن‎,0
"الحكومة تلجأ إلى توسيع المشاورات قبل ""إضافة ديباجة"" لقانون الإضراب",0
بوريطة يدعو إلى الانتقال لمراحل جديدة لتحقيق إقامة الدولة الفلسطينية,0
"اقتراب شهر رمضان الفضيل يسائل ""الاستغلال السياسي"" للعمل الخيري",0
اليمن يجدد الدعم لمغربية الصحراء,0
"نقابات المعارضة تتمسك بديباجة قانون الإضراب وإسقاط ""الأجر مقابل العمل""",0
"كواليس اجتماع ""رئاسة الأغلبية"" .. نقاشات ساخنة تعيد ضبط إيقاع الحكومة",0
سفير إسبانيا: العلاقات بين مدريد والرباط استراتيجية في جميع المجالات,0
حركة انتقالية تعيد انتشار القضاة,0
أخنوش يستقبل وزير خارجية اليمن,0
رئاسة الأغلبية الحكومية تعلن الاشتغال على دينامية لتقليص بطالة المغاربة,0
الحكومة تقرّ اختصاصات هيئة الصحة,0
الملك يعزي خادم الحرمين الشريفين,0
الزروالي يشيد بتدبير المغرب للحدود,0
"بايتاس: ""شيطنة"" الحكومة لن تخدم محاربة الفساد .. ومعدل المديونية 69%",0
الملك يشيد بمسار التعاون مع الأردن,0
الملك يهنئ العاهل فيليبي السادس,0
الجزائر تواجه عزلة دبلوماسية متزايدة بسبب تداعيات ملف الصحراء المغربية,0
"""تسخينات انتخابية"" تنقل رؤساء جماعات إلى المقاهي ومحطات المحروقات",0
قراءات متباينة ترافق طرح قضايا التدبير الترابي في النقاش البرلماني,0
الفريق النيابي للأصالة والمعاصرة يدعو للبناء بلا رخصة بالمناطق القروية,0
الترافع المدني عن قضية الصحراء المغربية يسائل تكوين الأجيال المستقبلية,0
"وهبي يؤكد اشتغال وزارة العدل  على مشروع ""الملف القضائي الإلكتروني""",0
طرد داعمين للبوليساريو من العيون .. واجهة سياحية وأهداف تحريضية,0
أخنوش يذكر بالولوج العادل للأدوية,0
سلسلة اجتماعات تتطرق لتطوير التعاون الأمني بين المغرب وإسبانيا وألمانيا,0
"المغرب يراهن على ترقية معبر الكركرات إلى ""ممر إفريقي إستراتيجي""",0
"حموشي في ""نقاش ثلاثي"" بمدريد",0
أبو الغالي يمثل أمام المحكمة .. والنيابة العامة تمنح مهلة لمحاولة الصلح,0
المغرب يتسلم محتجزين بالجزائر,0
قيادة حزب الاستقلال تدعم سعي نزار بركة إلى رئاسة الحكومة المقبلة,0
أخنوش يترأس اجتماع وكالة الدم,0
بلجيكا تجدد دعم الحكم الذاتي .. وبوريطة يحذر من تعرض الجالية للاستغلال,0
قرار فرنسي يحبط محاولات الجزائر والبوليساريو حظر منتجات الصحراء المغربية,0
"الأمين العام لحزب الاستقلال يستفز منتخبي ""الأحرار"" في جهة طنجة",0
"رسالة تدافع عن ""حكومة البيجيدي""",0
"وزارة الداخلية تعد ""الدراسات اللازمة"" لتنظيم خدمات النقل بالتطبيقات",0
المغرب والمالديف يناقشان التعاون,0
بن إبراهيم: دور التجديد الحضري استباقي .. ودعم السكن يخضع للمواكبة,0
أخنوش يستعرض مؤشرات الاقتصاد,0
السكوري: ظروف العاملين بالخارج حسنة .. وغياب الدبلومات يفاقم البطالة,0
وهبي يستكمل التشاور ضد التعذيب,0
"""جبهة القوى"" تنفي وجود منشقين",0
المغرب يجدد المساندة لسيادة الدول,0
"مجلس النواب يقبل ""قانون CNSS""",0
"لفتيت: نتائج ""تقليص الفوارق"" إيجابية .. والتنمية القروية تحظى بالأولوية",0
باكستان تواكب مهاجرين بالمغرب,0
مجلس النواب يمرر قانون المفوض,0
وهبي يبرز إيجابية قانون المفوضين,0
سفير اليابان يشيد بالعلاقات الاقتصادية والقيم المشتركة مع المملكة المغربية,0
الجزائر تُرحّل معتقلين مغاربة إلى سجون بعيدة وسط إدانات حقوقية,0
رئيس مليلية يتعاطف مع البوليساريو,0
"""تزويج القاصرات"" يثير جدلاً قانونيا قبل إحالة مدونة الأسرة على التشريع",0
